date,sku,sales,inventory,price,promo,marketing,market,lead_time,incoming_supply
2023-01-01,A100,58.25009400577959,560,100,0,100,100,7,0
2023-01-02,A100,89.57979024717339,560,100,0,100,100,7,0
2023-01-03,A100,68.32442660403227,560,100,0,100,100,7,0
2023-01-04,A100,78.06415764919984,560,100,0,100,100,7,0
2023-01-05,A100,73.18527596347496,560,100,0,100,100,7,0
2023-01-06,A100,89.11530464480876,560,100,0,100,100,7,0
2023-01-07,A100,80.45523143337307,560,100,0,100,100,7,0
2023-01-08,A100,61.61651385149068,560,100,0,100,100,7,0
2023-01-09,A100,73.26199179304464,560,100,0,100,100,7,0
2023-01-10,A100,82.25954420829518,560,100,0,100,100,7,0
2023-01-11,A100,76.47266705551093,560,100,0,100,100,7,0
2023-01-12,A100,81.79597479565143,560,100,0,100,100,7,0
2023-01-13,A100,80.16787243621671,560,100,0,100,100,7,0
2023-01-14,A100,74.75203404053458,560,100,0,100,100,7,0
2023-01-15,A100,75.60636244735355,560,100,0,100,100,7,0
2023-01-16,A100,80.44684365824587,560,100,0,100,100,7,0
2023-01-17,A100,76.80043206017265,560,100,0,100,100,7,0
2023-01-18,A100,95.71364173986716,560,100,0,100,100,7,0
2023-01-19,A100,77.07142028812407,560,100,0,100,100,7,0
2023-01-20,A100,91.64250786929608,560,100,0,100,100,7,0
2023-01-21,A100,78.02112850505748,560,100,0,100,100,7,0
2023-01-22,A100,75.25372679632493,560,100,0,100,100,7,0
2023-01-23,A100,88.26602427986774,560,100,0,100,100,7,0
2023-01-24,A100,88.56618103539697,560,100,0,100,100,7,0
2023-01-25,A100,87.31957316835302,560,100,0,100,100,7,0
2023-01-26,A100,92.98035740219366,560,100,0,100,100,7,0
2023-01-27,A100,84.09827535349618,560,100,0,100,100,7,0
2023-01-28,A100,68.1670804037818,560,100,0,100,100,7,0
2023-01-29,A100,88.85813654331415,560,100,0,100,100,7,0
2023-01-30,A100,97.19096247091403,560,100,0,100,100,7,0
2023-01-31,A100,84.91880671913674,560,100,0,100,100,7,0
2023-02-01,A100,93.99724323463519,560,100,0,100,100,7,0
2023-02-02,A100,96.2189714857691,560,100,0,100,100,7,0
2023-02-03,A100,106.60344964533857,560,100,1,500,100,7,0
2023-02-04,A100,73.86600077104424,560,100,0,100,100,7,0
2023-02-05,A100,65.01462976377032,560,100,0,100,100,7,0
2023-02-06,A100,116.66026627461582,560,100,1,500,100,7,0
2023-02-07,A100,96.35860339734724,560,100,0,100,100,7,0
2023-02-08,A100,91.46897127860124,560,100,0,100,100,7,0
2023-02-09,A100,87.19136623447362,560,100,0,100,100,7,0
2023-02-10,A100,84.01769992217154,560,100,0,100,100,7,0
2023-02-11,A100,92.57679529203189,560,100,1,500,100,7,0
2023-02-12,A100,81.84228049404436,560,100,0,100,100,7,0
2023-02-13,A100,91.10675922530828,560,100,0,100,100,7,0
2023-02-14,A100,95.47196809893636,560,100,0,100,100,7,0
2023-02-15,A100,90.43495138029058,560,100,0,100,100,7,0
2023-02-16,A100,90.80689278239839,560,100,0,100,100,7,0
2023-02-17,A100,77.86825905086542,560,100,0,100,100,7,0
2023-02-18,A100,68.5800288126666,560,100,0,100,100,7,0
2023-02-19,A100,69.61513520250732,560,100,0,100,100,7,0
2023-02-20,A100,104.77708540688892,560,100,0,100,100,7,0
2023-02-21,A100,99.55874981595153,560,100,0,100,100,7,0
2023-02-22,A100,90.67681379505552,560,100,0,100,100,7,0
2023-02-23,A100,89.56096776700724,560,100,0,100,100,7,0
2023-02-24,A100,76.39628781061046,560,100,0,100,100,7,0
2023-02-25,A100,81.44922338464517,560,100,0,100,100,7,0
2023-02-26,A100,65.41668402651574,560,100,0,100,100,7,0
2023-02-27,A100,88.36083910671306,560,100,0,100,100,7,0
2023-02-28,A100,93.80098826872873,560,100,0,100,100,7,0
2023-03-01,A100,91.43661034892924,560,100,0,100,100,7,0
2023-03-02,A100,95.59462293207996,560,100,0,100,100,7,0
2023-03-03,A100,130.5589805794808,560,100,1,500,100,7,0
2023-03-04,A100,83.44455889195847,560,100,0,100,100,7,0
2023-03-05,A100,68.7141813277383,560,100,0,100,100,7,0
2023-03-06,A100,85.49361002735537,560,100,0,100,100,7,0
2023-03-07,A100,81.29079013702422,560,100,0,100,100,7,0
2023-03-08,A100,92.48758450219837,560,100,0,100,100,7,0
2023-03-09,A100,84.98098188937148,560,100,0,100,100,7,0
2023-03-10,A100,102.88181579127333,560,100,0,100,100,7,0
2023-03-11,A100,108.6692493928741,560,100,0,100,100,7,0
2023-03-12,A100,71.27858585665575,560,100,0,100,100,7,0
2023-03-13,A100,97.69515078911093,560,100,0,100,100,7,0
2023-03-14,A100,91.22521626167635,560,100,0,100,100,7,0
2023-03-15,A100,93.94407699190793,560,100,0,100,100,7,0
2023-03-16,A100,96.88183305639528,560,100,0,100,100,7,0
2023-03-17,A100,85.5058386259016,560,100,0,100,100,7,0
2023-03-18,A100,76.52131155165122,560,100,0,100,100,7,0
2023-03-19,A100,83.93952737117758,560,100,0,100,100,7,0
2023-03-20,A100,96.89308475784634,560,100,0,100,100,7,0
2023-03-21,A100,90.90475633037154,560,100,0,100,100,7,0
2023-03-22,A100,86.48377259455376,560,100,0,100,100,7,0
2023-03-23,A100,116.22844202803373,560,100,0,100,100,7,0
2023-03-24,A100,103.88619400334206,560,100,0,100,100,7,0
2023-03-25,A100,90.4356408335608,560,100,0,100,100,7,0
2023-03-26,A100,80.01617034243283,560,100,0,100,100,7,0
2023-03-27,A100,89.6472706600388,560,100,0,100,100,7,0
2023-03-28,A100,91.58815092596605,560,100,0,100,100,7,0
2023-03-29,A100,83.70582979000592,560,100,0,100,100,7,0
2023-03-30,A100,111.14661775862778,560,100,0,100,100,7,0
2023-03-31,A100,94.8569940484263,560,100,0,100,100,7,0
2023-04-01,A100,94.13742020923529,560,100,0,100,100,7,0
2023-04-02,A100,77.65414747882454,560,100,0,100,100,7,0
2023-04-03,A100,100.10932077799782,560,100,0,100,100,7,0
2023-04-04,A100,97.74195481948802,560,100,0,100,100,7,0
2023-04-05,A100,82.8334915642912,560,100,0,100,100,7,0
2023-04-06,A100,112.49520131666193,560,100,0,100,100,7,0
2023-04-07,A100,92.24488336147418,560,100,0,100,100,7,0
2023-04-08,A100,70.88246619801467,560,100,0,100,100,7,0
2023-04-09,A100,87.65718946520548,560,100,0,100,100,7,0
2023-04-10,A100,95.77248938221673,560,100,0,100,100,7,0
2023-04-11,A100,99.01905564193528,560,100,0,100,100,7,0
2023-04-12,A100,96.59996668581115,560,100,0,100,100,7,0
2023-04-13,A100,75.99605615163604,560,100,0,100,100,7,0
2023-04-14,A100,87.52541518257937,560,100,0,100,100,7,0
2023-04-15,A100,72.79448004074315,560,100,0,100,100,7,0
2023-04-16,A100,89.96087460820445,560,100,0,100,100,7,0
2023-04-17,A100,95.7149810990941,560,100,0,100,100,7,0
2023-04-18,A100,100.03499844005874,560,100,0,100,100,7,0
2023-04-19,A100,92.1194030950506,560,100,0,100,100,7,0
2023-04-20,A100,100.34625837827686,560,100,0,100,100,7,0
2023-04-21,A100,93.60788893450632,560,100,0,100,100,7,0
2023-04-22,A100,78.59880572106275,560,100,0,100,100,7,0
2023-04-23,A100,82.35956073636146,560,100,0,100,100,7,0
2023-04-24,A100,95.66554309288375,560,100,0,100,100,7,0
2023-04-25,A100,118.85769393287661,560,100,0,100,100,7,0
2023-04-26,A100,86.38756199995794,560,100,0,100,100,7,0
2023-04-27,A100,80.41409586912319,560,100,0,100,100,7,0
2023-04-28,A100,97.37310816711619,560,100,0,100,100,7,0
2023-04-29,A100,73.08712940813972,560,100,0,100,100,7,0
2023-04-30,A100,59.363312161958916,560,100,0,100,100,7,0
2023-05-01,A100,83.75928655502756,560,100,0,100,100,7,0
2023-05-02,A100,115.04787640222462,560,100,0,100,100,7,0
2023-05-03,A100,85.26332866702624,560,100,0,100,100,7,0
2023-05-04,A100,76.66226965244408,560,100,0,100,100,7,0
2023-05-05,A100,113.82849890002353,560,100,0,100,100,7,0
2023-05-06,A100,68.72063343338446,560,100,0,100,100,7,0
2023-05-07,A100,107.0052981775268,560,100,0,100,100,7,0
2023-05-08,A100,112.6122249008819,560,100,1,500,100,7,0
2023-05-09,A100,109.3491228708888,560,100,0,100,100,7,0
2023-05-10,A100,90.2308777363414,560,100,0,100,100,7,0
2023-05-11,A100,96.58749467979128,560,100,0,100,100,7,0
2023-05-12,A100,90.95356178759197,560,100,0,100,100,7,0
2023-05-13,A100,75.96382029358683,560,100,0,100,100,7,0
2023-05-14,A100,99.84760636089074,560,100,1,500,100,7,0
2023-05-15,A100,119.13965975480315,560,100,1,500,100,7,0
2023-05-16,A100,92.99279158223204,560,100,0,100,100,7,0
2023-05-17,A100,91.81791622598938,560,100,0,100,100,7,0
2023-05-18,A100,84.1842765117307,560,100,0,100,100,7,0
2023-05-19,A100,112.70549163703976,560,100,1,500,100,7,0
2023-05-20,A100,92.20655636152343,560,100,0,100,100,7,0
2023-05-21,A100,69.60183462322217,560,100,0,100,100,7,0
2023-05-22,A100,92.80049840879018,560,100,0,100,100,7,0
2023-05-23,A100,101.51612580540301,560,100,0,100,100,7,0
2023-05-24,A100,116.94180093447223,560,100,1,500,100,7,0
2023-05-25,A100,98.55121529607007,560,100,0,100,100,7,0
2023-05-26,A100,78.76668282533775,560,100,0,100,100,7,0
2023-05-27,A100,78.35426862750549,560,100,0,100,100,7,0
2023-05-28,A100,72.82521393299167,560,100,0,100,100,7,0
2023-05-29,A100,86.32839753511139,560,100,0,100,100,7,0
2023-05-30,A100,102.64195716229335,560,100,0,100,100,7,0
2023-05-31,A100,86.00760562475806,560,100,0,100,100,7,0
2023-06-01,A100,90.88619381746503,560,100,0,100,100,7,0
2023-06-02,A100,70.9410252152826,560,100,0,100,100,7,0
2023-06-03,A100,91.01208730226955,560,100,0,100,100,7,0
2023-06-04,A100,82.51517564611243,560,100,0,100,100,7,0
2023-06-05,A100,86.48597671151622,560,100,0,100,100,7,0
2023-06-06,A100,83.6160060764224,560,100,0,100,100,7,0
2023-06-07,A100,92.17035039807456,560,100,0,100,100,7,0
2023-06-08,A100,97.6281427544245,560,100,0,100,100,7,0
2023-06-09,A100,102.81301695080353,560,100,0,100,100,7,0
2023-06-10,A100,80.89203642701929,560,100,0,100,100,7,0
2023-06-11,A100,73.36351820035453,560,100,0,100,100,7,0
2023-06-12,A100,94.79954541693758,560,100,0,100,100,7,0
2023-06-13,A100,92.54962921887278,560,100,0,100,100,7,0
2023-06-14,A100,85.45291728162749,560,100,0,100,100,7,0
2023-06-15,A100,91.7220648947308,560,100,0,100,100,7,0
2023-06-16,A100,91.26444547979588,560,100,0,100,100,7,0
2023-06-17,A100,70.7428309365085,560,100,0,100,100,7,0
2023-06-18,A100,66.18301727980712,560,100,0,100,100,7,0
2023-06-19,A100,89.56796162536556,560,100,0,100,100,7,0
2023-06-20,A100,73.44668036825492,560,100,0,100,100,7,0
2023-06-21,A100,71.22917916740319,560,100,0,100,100,7,0
2023-06-22,A100,85.6323764734071,560,100,0,100,100,7,0
2023-06-23,A100,88.2093442688831,560,100,0,100,100,7,0
2023-06-24,A100,72.70070099034241,560,100,0,100,100,7,0
2023-06-25,A100,73.51993213794677,560,100,0,100,100,7,0
2023-06-26,A100,61.73871577277372,560,100,0,100,100,7,0
2023-06-27,A100,86.94433749759415,560,100,0,100,100,7,0
2023-06-28,A100,95.16620493098289,560,100,0,100,100,7,0
2023-06-29,A100,88.84946254848023,560,100,0,100,100,7,0
2023-06-30,A100,88.25933619551898,560,100,0,100,100,7,0
2023-07-01,A100,70.38184677890072,560,100,0,100,100,7,0
2023-07-02,A100,70.50756334401034,560,100,0,100,100,7,0
2023-07-03,A100,78.20530663376891,560,100,0,100,100,7,0
2023-07-04,A100,83.02707083310081,560,100,0,100,100,7,0
2023-07-05,A100,68.90964450374679,560,100,0,100,100,7,0
2023-07-06,A100,93.01894003489001,560,100,0,100,100,7,0
2023-07-07,A100,70.62909849488666,560,100,0,100,100,7,0
2023-07-08,A100,74.61763537503383,560,100,0,100,100,7,0
2023-07-09,A100,79.037243359189,560,100,0,100,100,7,0
2023-07-10,A100,85.78431386755561,560,100,0,100,100,7,0
2023-07-11,A100,99.77627704980252,560,100,0,100,100,7,0
2023-07-12,A100,57.92571960916891,560,100,0,100,100,7,0
2023-07-13,A100,72.49518594205189,560,100,0,100,100,7,0
2023-07-14,A100,108.34617146301747,560,100,1,500,100,7,0
2023-07-15,A100,52.88260105596839,560,100,0,100,100,7,0
2023-07-16,A100,57.04738832355321,560,100,0,100,100,7,0
2023-07-17,A100,80.84957291482411,560,100,0,100,100,7,0
2023-07-18,A100,61.98978128425281,560,100,0,100,100,7,0
2023-07-19,A100,75.81040847115884,560,100,0,100,100,7,0
2023-07-20,A100,79.43639191658342,560,100,0,100,100,7,0
2023-07-21,A100,76.09255251380984,560,100,0,100,100,7,0
2023-07-22,A100,65.53063970515379,560,100,0,100,100,7,0
2023-07-23,A100,72.12411585394594,560,100,1,500,100,7,0
2023-07-24,A100,75.88152446890487,560,100,0,100,100,7,0
2023-07-25,A100,69.95835936166769,560,100,0,100,100,7,0
2023-07-26,A100,70.93387583194432,560,100,0,100,100,7,0
2023-07-27,A100,99.50776964377755,560,100,1,500,100,7,0
2023-07-28,A100,60.54095808228199,560,100,0,100,100,7,0
2023-07-29,A100,39.42692327943,560,100,0,100,100,7,0
2023-07-30,A100,84.22215719025655,560,100,1,500,100,7,0
2023-07-31,A100,74.15336844041818,560,100,0,100,100,7,0
2023-08-01,A100,84.76068922675333,560,100,0,100,100,7,0
2023-08-02,A100,82.3352103724654,560,100,1,500,100,7,0
2023-08-03,A100,70.60108782595192,560,100,0,100,100,7,0
2023-08-04,A100,72.19473208603253,560,100,0,100,100,7,0
2023-08-05,A100,54.7121858698062,560,100,0,100,100,7,0
2023-08-06,A100,51.69924827444014,560,100,0,100,100,7,0
2023-08-07,A100,78.34328434911696,560,100,0,100,100,7,0
2023-08-08,A100,57.13823358806603,560,100,0,100,100,7,0
2023-08-09,A100,77.74618165809265,560,100,1,500,100,7,0
2023-08-10,A100,86.20703422323123,560,100,1,500,100,7,0
2023-08-11,A100,78.67104138778784,560,100,0,100,100,7,0
2023-08-12,A100,53.99158004796762,560,100,0,100,100,7,0
2023-08-13,A100,52.660072104090176,560,100,0,100,100,7,0
2023-08-14,A100,67.32212659923073,560,100,0,100,100,7,0
2023-08-15,A100,72.41283001836639,560,100,0,100,100,7,0
2023-08-16,A100,65.45041443203775,560,100,0,100,100,7,0
2023-08-17,A100,78.7926096105684,560,100,0,100,100,7,0
2023-08-18,A100,79.05686385632004,560,100,0,100,100,7,0
2023-08-19,A100,56.68534492514332,560,100,0,100,100,7,0
2023-08-20,A100,76.51796673098677,560,100,0,100,100,7,0
2023-08-21,A100,68.47223409104829,560,100,0,100,100,7,0
2023-08-22,A100,77.96169230254766,560,100,0,100,100,7,0
2023-08-23,A100,70.65453451020853,560,100,0,100,100,7,0
2023-08-24,A100,70.30156156332693,560,100,0,100,100,7,0
2023-08-25,A100,51.862940270500374,560,100,0,100,100,7,0
2023-08-26,A100,46.190255130641084,560,100,0,100,100,7,0
2023-08-27,A100,68.16435433212474,560,100,1,500,100,7,0
2023-08-28,A100,77.2676143747428,560,100,0,100,100,7,0
2023-08-29,A100,69.83834899906084,560,100,0,100,100,7,0
2023-08-30,A100,63.62471960650374,560,100,0,100,100,7,0
2023-08-31,A100,72.15695766051813,560,100,0,100,100,7,0
2023-09-01,A100,76.28827195795276,560,100,0,100,100,7,0
2023-09-02,A100,56.11138507808817,560,100,0,100,100,7,0
2023-09-03,A100,58.082159071273935,560,100,0,100,100,7,0
2023-09-04,A100,66.56591791883959,560,100,0,100,100,7,0
2023-09-05,A100,65.02130211094722,560,100,0,100,100,7,0
2023-09-06,A100,57.9667574655993,560,100,0,100,100,7,0
2023-09-07,A100,57.1627047967071,560,100,0,100,100,7,0
2023-09-08,A100,71.10933877384537,560,100,0,100,100,7,0
2023-09-09,A100,79.61497839922015,560,100,1,500,100,7,0
2023-09-10,A100,66.34281890317047,560,100,1,500,100,7,0
2023-09-11,A100,61.96859572116306,560,100,0,100,100,7,0
2023-09-12,A100,47.26003296363266,560,100,0,100,100,7,0
2023-09-13,A100,61.8328190024726,560,100,1,500,100,7,0
2023-09-14,A100,77.76743971937086,560,100,0,100,100,7,0
2023-09-15,A100,57.69055816500763,560,100,0,100,100,7,0
2023-09-16,A100,26.387055631471,560,100,0,100,100,7,0
2023-09-17,A100,78.02500824587605,560,100,0,100,100,7,0
2023-09-18,A100,59.022723844696365,560,100,0,100,100,7,0
2023-09-19,A100,49.35097783139843,560,100,0,100,100,7,0
2023-09-20,A100,65.2373571674003,560,100,0,100,100,7,0
2023-09-21,A100,87.88326368238573,560,100,1,500,100,7,0
2023-09-22,A100,70.6046618539305,560,100,0,100,100,7,0
2023-09-23,A100,63.145612502544026,560,100,0,100,100,7,0
2023-09-24,A100,45.18329850726097,560,100,0,100,100,7,0
2023-09-25,A100,76.906916738925,560,100,0,100,100,7,0
2023-09-26,A100,77.53436498273939,560,100,0,100,100,7,0
2023-09-27,A100,78.00512724883697,560,100,0,100,100,7,0
2023-09-28,A100,66.49942031861153,560,100,0,100,100,7,0
2023-09-29,A100,60.53588954306418,560,100,0,100,100,7,0
2023-09-30,A100,50.09555216920651,560,100,0,100,100,7,0
2023-10-01,A100,52.96872273264729,560,100,1,500,100,7,0
2023-10-02,A100,58.830467834547974,560,100,0,100,100,7,0
2023-10-03,A100,41.02517065929152,560,100,0,100,100,7,0
2023-10-04,A100,47.83210411480905,560,100,0,100,100,7,0
2023-10-05,A100,66.41664788618407,560,100,0,100,100,7,0
2023-10-06,A100,61.62821054286177,560,100,0,100,100,7,0
2023-10-07,A100,56.42641921515082,560,100,0,100,100,7,0
2023-10-08,A100,61.28600343192156,560,100,0,100,100,7,0
2023-10-09,A100,67.85000708093447,560,100,0,100,100,7,0
2023-10-10,A100,67.03965025360245,560,100,0,100,100,7,0
2023-10-11,A100,63.40300520875188,560,100,0,100,100,7,0
2023-10-12,A100,57.054980185582835,560,100,0,100,100,7,0
2023-10-13,A100,52.39630068574643,560,100,0,100,100,7,0
2023-10-14,A100,49.80970867081736,560,100,0,100,100,7,0
2023-10-15,A100,54.11746755359329,560,100,0,100,100,7,0
2023-10-16,A100,65.02507559569919,560,100,0,100,100,7,0
2023-10-17,A100,73.24869065462133,560,100,0,100,100,7,0
2023-10-18,A100,63.15165715557565,560,100,0,100,100,7,0
2023-10-19,A100,70.0310831812763,560,100,0,100,100,7,0
2023-10-20,A100,50.95055561927336,560,100,0,100,100,7,0
2023-10-21,A100,71.51797200524703,560,100,1,500,100,7,0
2023-10-22,A100,57.105478144058274,560,100,0,100,100,7,0
2023-10-23,A100,77.96595567602392,560,100,0,100,100,7,0
2023-10-24,A100,62.81856770862667,560,100,0,100,100,7,0
2023-10-25,A100,42.21601516068045,560,100,0,100,100,7,0
2023-10-26,A100,62.643855109379416,560,100,0,100,100,7,0
2023-10-27,A100,72.43950708355581,560,100,0,100,100,7,0
2023-10-28,A100,44.55182402387237,560,100,0,100,100,7,0
2023-10-29,A100,58.21444544575886,560,100,0,100,100,7,0
2023-10-30,A100,54.2234671325795,560,100,0,100,100,7,0
2023-10-31,A100,83.57674390448616,560,100,0,100,100,7,0
2023-11-01,A100,62.16083283676765,560,100,0,100,100,7,0
2023-11-02,A100,54.07434504232931,560,100,0,100,100,7,0
2023-11-03,A100,61.52119779680241,560,100,0,100,100,7,0
2023-11-04,A100,58.98864534546721,560,100,0,100,100,7,0
2023-11-05,A100,61.74769747245162,560,100,0,100,100,7,0
2023-11-06,A100,79.21600799550632,560,100,0,100,100,7,0
2023-11-07,A100,61.03173090567595,560,100,0,100,100,7,0
2023-11-08,A100,74.63305928731164,560,100,0,100,100,7,0
2023-11-09,A100,68.16632571775017,560,100,1,500,100,7,0
2023-11-10,A100,74.6351879729901,560,100,1,500,100,7,0
2023-11-11,A100,43.98635617772184,560,100,0,100,100,7,0
2023-11-12,A100,50.064234737459365,560,100,0,100,100,7,0
2023-11-13,A100,75.04558834538082,560,100,0,100,100,7,0
2023-11-14,A100,79.58132441454511,560,100,1,500,100,7,0
2023-11-15,A100,64.34106287662482,560,100,0,100,100,7,0
2023-11-16,A100,88.5386101096206,560,100,1,500,100,7,0
2023-11-17,A100,73.4861723419899,560,100,0,100,100,7,0
2023-11-18,A100,54.83780894732748,560,100,0,100,100,7,0
2023-11-19,A100,48.973398764769804,560,100,0,100,100,7,0
2023-11-20,A100,85.04050936800535,560,100,0,100,100,7,0
2023-11-21,A100,65.89526370489178,560,100,0,100,100,7,0
2023-11-22,A100,67.01855945075194,560,100,0,100,100,7,0
2023-11-23,A100,68.39225311340064,560,100,0,100,100,7,0
2023-11-24,A100,75.99852070443089,560,100,0,100,100,7,0
2023-11-25,A100,45.711965651669935,560,100,0,100,100,7,0
2023-11-26,A100,79.95512144314698,560,100,0,100,100,7,0
2023-11-27,A100,67.87076688452557,560,100,0,100,100,7,0
2023-11-28,A100,77.24568972924031,560,100,0,100,100,7,0
2023-11-29,A100,59.37241591201112,560,100,0,100,100,7,0
2023-11-30,A100,73.38526789559867,560,100,0,100,100,7,0
2023-12-01,A100,89.78385486922703,560,100,0,100,100,7,0
2023-12-02,A100,77.45372153535699,560,100,0,100,100,7,0
2023-12-03,A100,82.69758427839048,560,100,1,500,100,7,0
2023-12-04,A100,82.62143062384041,560,100,1,500,100,7,0
2023-12-05,A100,84.65821340790988,560,100,0,100,100,7,0
2023-12-06,A100,57.023862430439785,560,100,0,100,100,7,0
2023-12-07,A100,64.85410593125978,560,100,0,100,100,7,0
2023-12-08,A100,72.98670714629962,560,100,0,100,100,7,0
2023-12-09,A100,47.410399033703726,560,100,0,100,100,7,0
2023-12-10,A100,58.12038446508895,560,100,0,100,100,7,0
2023-12-11,A100,82.07295852351751,560,100,0,100,100,7,0
2023-12-12,A100,67.9447600412512,560,100,0,100,100,7,0
2023-12-13,A100,83.08275610435757,560,100,0,100,100,7,0
2023-12-14,A100,98.19448628254987,560,100,0,100,100,7,0
2023-12-15,A100,79.30734303606796,560,100,0,100,100,7,0
2023-12-16,A100,72.31404790786206,560,100,0,100,100,7,0
2023-12-17,A100,76.71601899590257,560,100,0,100,100,7,0
2023-12-18,A100,72.20467052776965,560,100,0,100,100,7,0
2023-12-19,A100,84.24492043297658,560,100,0,100,100,7,0
2023-12-20,A100,72.5179871819412,560,100,0,100,100,7,0
2023-12-21,A100,80.20853984828162,560,100,0,100,100,7,0
2023-12-22,A100,86.60448667076956,560,100,0,100,100,7,0
2023-12-23,A100,58.139992229041795,560,100,0,100,100,7,0
2023-12-24,A100,60.60987569881641,560,100,1,500,100,7,0
2023-12-25,A100,89.06833865475187,560,100,1,500,100,7,0
2023-12-26,A100,89.241432491613,560,100,0,100,100,7,0
2023-12-27,A100,88.64328452117599,560,100,1,500,100,7,0
2023-12-28,A100,89.17800665535098,560,100,0,100,100,7,0
2023-12-29,A100,70.63934847152967,560,100,0,100,100,7,0
2023-12-30,A100,65.58083461970925,560,100,0,100,100,7,0
2023-12-31,A100,67.81050273800459,560,100,0,100,100,7,0
2024-01-01,A100,70.33847531190202,560,100,0,100,100,7,0
2024-01-02,A100,98.66533707438586,560,100,1,500,100,7,0
2024-01-03,A100,65.81596157037112,560,100,0,100,100,7,0
2024-01-04,A100,77.73094366640564,560,100,0,100,100,7,0
2024-01-05,A100,80.45117987371735,560,100,0,100,100,7,0
2024-01-06,A100,47.506143439416775,560,100,0,100,100,7,0
2024-01-07,A100,60.77400600428539,560,100,0,100,100,7,0
2024-01-08,A100,84.90780150093084,560,100,0,100,100,7,0
2024-01-09,A100,71.52171993739123,560,100,0,100,100,7,0
2024-01-10,A100,87.03784463430122,560,100,0,100,100,7,0
2024-01-11,A100,88.27748334288438,560,100,0,100,100,7,0
2024-01-12,A100,85.94963759747635,560,100,0,100,100,7,0
2024-01-13,A100,96.23669361367548,560,100,1,500,100,7,0
2024-01-14,A100,73.50394263213829,560,100,1,500,100,7,0
2024-01-15,A100,93.69967442742842,560,100,0,100,100,7,0
2024-01-16,A100,74.55044682821014,560,100,0,100,100,7,0
2024-01-17,A100,85.5633845330214,560,100,0,100,100,7,0
2024-01-18,A100,102.13241514511603,560,100,0,100,100,7,0
2024-01-19,A100,81.56844217974167,560,100,0,100,100,7,0
2024-01-20,A100,72.6972269402904,560,100,0,100,100,7,0
2024-01-21,A100,63.06219563433096,560,100,0,100,100,7,0
2024-01-22,A100,103.0493555950506,560,100,0,100,100,7,0
2024-01-23,A100,77.32644993230159,560,100,0,100,100,7,0
2024-01-24,A100,92.56007729833988,560,100,0,100,100,7,0
2024-01-25,A100,98.66760066487993,560,100,0,100,100,7,0
2024-01-26,A100,94.02412710266529,560,100,0,100,100,7,0
2024-01-27,A100,95.88666148675438,560,100,1,500,100,7,0
2024-01-28,A100,75.10307009005923,560,100,0,100,100,7,0
2024-01-29,A100,75.36846793073103,560,100,0,100,100,7,0
2024-01-30,A100,104.49384553933857,560,100,0,100,100,7,0
2024-01-31,A100,90.58375180881657,560,100,0,100,100,7,0
2024-02-01,A100,88.48521938736366,560,100,0,100,100,7,0
2024-02-02,A100,78.10551287141479,560,100,0,100,100,7,0
2024-02-03,A100,76.08828317421893,560,100,0,100,100,7,0
2024-02-04,A100,75.21103001646841,560,100,0,100,100,7,0
2024-02-05,A100,128.8656857559705,560,100,1,500,100,7,0
2024-02-06,A100,89.61989472063782,560,100,0,100,100,7,0
2024-02-07,A100,90.15438282809696,560,100,0,100,100,7,0
2024-02-08,A100,79.55568914933723,560,100,0,100,100,7,0
2024-02-09,A100,82.99854975192379,560,100,0,100,100,7,0
2024-02-10,A100,81.72409003260601,560,100,0,100,100,7,0
2024-02-11,A100,59.84079115039914,560,100,0,100,100,7,0
2024-02-12,A100,123.04012253773159,560,100,1,500,100,7,0
2024-02-13,A100,100.83484937722078,560,100,0,100,100,7,0
2024-02-14,A100,83.07283366054504,560,100,0,100,100,7,0
2024-02-15,A100,94.68861911718447,560,100,0,100,100,7,0
2024-02-16,A100,103.93056627850845,560,100,0,100,100,7,0
2024-02-17,A100,76.72706286550874,560,100,0,100,100,7,0
2024-02-18,A100,75.0901750263362,560,100,0,100,100,7,0
2024-02-19,A100,90.18674688421926,560,100,0,100,100,7,0
2024-02-20,A100,94.73218797185372,560,100,0,100,100,7,0
2024-02-21,A100,86.4491659549039,560,100,0,100,100,7,0
2024-02-22,A100,88.7898855813444,560,100,0,100,100,7,0
2024-02-23,A100,95.43844391503302,560,100,0,100,100,7,0
2024-02-24,A100,74.4118645031605,560,100,0,100,100,7,0
2024-02-25,A100,68.01099828000615,560,100,0,100,100,7,0
2024-02-26,A100,75.41903879786588,560,100,0,100,100,7,0
2024-02-27,A100,93.74077498283947,560,100,0,100,100,7,0
2024-02-28,A100,105.2474300294173,560,100,0,100,100,7,0
2024-02-29,A100,97.53538956720618,560,100,0,100,100,7,0
2024-03-01,A100,83.04688149353888,560,100,0,100,100,7,0
2024-03-02,A100,72.6795678974826,560,100,0,100,100,7,0
2024-03-03,A100,76.88648147590199,560,100,0,100,100,7,0
2024-03-04,A100,111.9051552014304,560,100,0,100,100,7,0
2024-03-05,A100,136.27450188607943,560,100,1,500,100,7,0
2024-03-06,A100,111.34241100989516,560,100,0,100,100,7,0
2024-03-07,A100,95.87907752438957,560,100,0,100,100,7,0
2024-03-08,A100,125.24753639089221,560,100,0,100,100,7,0
2024-03-09,A100,73.82069114103012,560,100,0,100,100,7,0
2024-03-10,A100,77.22257736319406,560,100,0,100,100,7,0
2024-03-11,A100,103.75569283021328,560,100,0,100,100,7,0
2024-03-12,A100,97.79944952992345,560,100,0,100,100,7,0
2024-03-13,A100,98.4438439748135,560,100,0,100,100,7,0
2024-03-14,A100,76.70078694753325,560,100,0,100,100,7,0
2024-03-15,A100,85.94678037854908,560,100,0,100,100,7,0
2024-03-16,A100,80.57014951403164,560,100,0,100,100,7,0
2024-03-17,A100,74.5322082988613,560,100,0,100,100,7,0
2024-03-18,A100,82.69739417747917,560,100,0,100,100,7,0
2024-03-19,A100,90.02765765634983,560,100,0,100,100,7,0
2024-03-20,A100,98.3750912089609,560,100,0,100,100,7,0
2024-03-21,A100,102.70200721556431,560,100,0,100,100,7,0
2024-03-22,A100,77.6324485648618,560,100,0,100,100,7,0
2024-03-23,A100,81.34292778823078,560,100,0,100,100,7,0
2024-03-24,A100,80.49970681965158,560,100,0,100,100,7,0
2024-03-25,A100,98.07113229453361,560,100,0,100,100,7,0
2024-03-26,A100,85.26662548735239,560,100,0,100,100,7,0
2024-03-27,A100,85.46008330151867,560,100,0,100,100,7,0
2024-03-28,A100,107.92552533848014,560,100,0,100,100,7,0
2024-03-29,A100,71.97102319315493,560,100,0,100,100,7,0
2024-03-30,A100,73.59938114337729,560,100,0,100,100,7,0
2024-03-31,A100,77.6792726672044,560,100,0,100,100,7,0
2024-04-01,A100,93.00611627684381,560,100,0,100,100,7,0
2024-04-02,A100,89.5034928342252,560,100,0,100,100,7,0
2024-04-03,A100,100.58010939195414,560,100,0,100,100,7,0
2024-04-04,A100,99.7088602481216,560,100,0,100,100,7,0
2024-04-05,A100,94.53256249392787,560,100,0,100,100,7,0
2024-04-06,A100,75.56176792289342,560,100,0,100,100,7,0
2024-04-07,A100,79.34596283304239,560,100,0,100,100,7,0
2024-04-08,A100,96.53152472600992,560,100,0,100,100,7,0
2024-04-09,A100,88.60480316371981,560,100,0,100,100,7,0
2024-04-10,A100,101.11192802450672,560,100,0,100,100,7,0
2024-04-11,A100,105.20944097199984,560,100,0,100,100,7,0
2024-04-12,A100,109.46620518454145,560,100,0,100,100,7,0
2024-04-13,A100,94.36627754680498,560,100,0,100,100,7,0
2024-04-14,A100,78.17283989642591,560,100,0,100,100,7,0
2024-04-15,A100,96.6365802686897,560,100,0,100,100,7,0
2024-04-16,A100,93.82580348747027,560,100,0,100,100,7,0
2024-04-17,A100,93.71595219491017,560,100,0,100,100,7,0
2024-04-18,A100,93.03527923365277,560,100,0,100,100,7,0
2024-04-19,A100,95.23811031522546,560,100,0,100,100,7,0
2024-04-20,A100,92.01442427826245,560,100,0,100,100,7,0
2024-04-21,A100,83.72020314944355,560,100,0,100,100,7,0
2024-04-22,A100,83.85106129441367,560,100,0,100,100,7,0
2024-04-23,A100,103.82362005213861,560,100,0,100,100,7,0
2024-04-24,A100,96.72139660738347,560,100,0,100,100,7,0
2024-04-25,A100,99.29005857166327,560,100,0,100,100,7,0
2024-04-26,A100,97.24098699354668,560,100,0,100,100,7,0
2024-04-27,A100,83.41588117930861,560,100,0,100,100,7,0
2024-04-28,A100,83.76203731977483,560,100,0,100,100,7,0
2024-04-29,A100,77.54567699179034,560,100,0,100,100,7,0
2024-04-30,A100,98.5427465466406,560,100,0,100,100,7,0
2024-05-01,A100,86.98569397850194,560,100,0,100,100,7,0
2024-05-02,A100,89.0345028743374,560,100,0,100,100,7,0
2024-05-03,A100,93.51803161897482,560,100,0,100,100,7,0
2024-05-04,A100,94.90156185645571,560,100,0,100,100,7,0
2024-05-05,A100,69.6272727719173,560,100,0,100,100,7,0
2024-05-06,A100,92.73655264177383,560,100,0,100,100,7,0
2024-05-07,A100,90.46194402396569,560,100,0,100,100,7,0
2024-05-08,A100,124.81586632474325,560,100,1,500,100,7,0
2024-05-09,A100,89.87070586556897,560,100,0,100,100,7,0
2024-05-10,A100,94.55571174161092,560,100,0,100,100,7,0
2024-05-11,A100,68.805285514678,560,100,0,100,100,7,0
2024-05-12,A100,88.85520870360791,560,100,0,100,100,7,0
2024-05-13,A100,78.27481042446172,560,100,0,100,100,7,0
2024-05-14,A100,96.13866208860965,560,100,0,100,100,7,0
2024-05-15,A100,93.70369450506539,560,100,0,100,100,7,0
2024-05-16,A100,94.90173482562197,560,100,0,100,100,7,0
2024-05-17,A100,100.40805870050634,560,100,1,500,100,7,0
2024-05-18,A100,74.369671536714,560,100,0,100,100,7,0
2024-05-19,A100,85.45968314819046,560,100,0,100,100,7,0
2024-05-20,A100,107.72852174333045,560,100,0,100,100,7,0
2024-05-21,A100,89.2399361828221,560,100,0,100,100,7,0
2024-05-22,A100,97.44265302487864,560,100,0,100,100,7,0
2024-05-23,A100,91.12127561348105,560,100,0,100,100,7,0
2024-05-24,A100,89.07869247126258,560,100,0,100,100,7,0
2024-05-25,A100,72.03385335433498,560,100,0,100,100,7,0
2024-05-26,A100,75.85131906120247,560,100,0,100,100,7,0
2024-05-27,A100,95.40929874479491,560,100,0,100,100,7,0
2024-05-28,A100,96.00736273674363,560,100,0,100,100,7,0
2024-05-29,A100,98.7903371425986,560,100,1,500,100,7,0
2024-05-30,A100,83.47421862398464,560,100,0,100,100,7,0
2024-05-31,A100,78.01223190444037,560,100,0,100,100,7,0
2024-06-01,A100,75.13558503712775,560,100,0,100,100,7,0
2024-06-02,A100,71.19593835694367,560,100,0,100,100,7,0
2024-06-03,A100,90.58330548463799,560,100,0,100,100,7,0
2024-06-04,A100,91.0090436218286,560,100,0,100,100,7,0
2024-06-05,A100,66.59043324997535,560,100,0,100,100,7,0
2024-06-06,A100,65.64684345589362,560,100,0,100,100,7,0
2024-06-07,A100,86.28051208688493,560,100,0,100,100,7,0
2024-06-08,A100,84.56184884477658,560,100,0,100,100,7,0
2024-06-09,A100,68.13988358675728,560,100,0,100,100,7,0
2024-06-10,A100,101.88004710537211,560,100,1,500,100,7,0
2024-06-11,A100,94.76644828765036,560,100,0,100,100,7,0
2024-06-12,A100,92.77358086839124,560,100,0,100,100,7,0
2024-06-13,A100,75.61109963336364,560,100,0,100,100,7,0
2024-06-14,A100,91.21995951847717,560,100,0,100,100,7,0
2024-06-15,A100,64.29335198106969,560,100,0,100,100,7,0
2024-06-16,A100,66.2240206580622,560,100,0,100,100,7,0
2024-06-17,A100,74.5418851770917,560,100,0,100,100,7,0
2024-06-18,A100,71.52678396351511,560,100,0,100,100,7,0
2024-06-19,A100,84.23098552999323,560,100,0,100,100,7,0
2024-06-20,A100,69.68592630846649,560,100,0,100,100,7,0
2024-06-21,A100,84.07557272079305,560,100,0,100,100,7,0
2024-06-22,A100,71.14658898372598,560,100,0,100,100,7,0
2024-06-23,A100,68.30340338977655,560,100,0,100,100,7,0
2024-06-24,A100,77.43738924881785,560,100,0,100,100,7,0
2024-06-25,A100,75.35987887605424,560,100,0,100,100,7,0
2024-06-26,A100,91.29870549648632,560,100,1,500,100,7,0
2024-06-27,A100,94.87030325616392,560,100,0,100,100,7,0
2024-06-28,A100,78.83215357682602,560,100,0,100,100,7,0
2024-06-29,A100,66.17891458196469,560,100,0,100,100,7,0
2024-06-30,A100,59.38258911308316,560,100,0,100,100,7,0
2024-07-01,A100,92.55931287114772,560,100,0,100,100,7,0
2024-07-02,A100,73.99036514739565,560,100,0,100,100,7,0
2024-07-03,A100,81.68651354716307,560,100,0,100,100,7,0
2024-07-04,A100,83.22449762731057,560,100,0,100,100,7,0
2024-07-05,A100,79.85676574324116,560,100,0,100,100,7,0
2024-07-06,A100,53.32244112767371,560,100,0,100,100,7,0
2024-07-07,A100,72.78268842587454,560,100,0,100,100,7,0
2024-07-08,A100,72.25310149388187,560,100,0,100,100,7,0
2024-07-09,A100,85.33419085340104,560,100,0,100,100,7,0
2024-07-10,A100,71.13267989472682,560,100,0,100,100,7,0
2024-07-11,A100,76.51558068931517,560,100,0,100,100,7,0
2024-07-12,A100,81.6368443703368,560,100,0,100,100,7,0
2024-07-13,A100,77.04946569349494,560,100,0,100,100,7,0
2024-07-14,A100,70.79376641166851,560,100,0,100,100,7,0
2024-07-15,A100,100.09329548618123,560,100,1,500,100,7,0
2024-07-16,A100,82.54431192967353,560,100,0,100,100,7,0
2024-07-17,A100,67.924179000419,560,100,0,100,100,7,0
2024-07-18,A100,83.35472761327547,560,100,0,100,100,7,0
2024-07-19,A100,72.41821442470594,560,100,0,100,100,7,0
2024-07-20,A100,61.24242245926421,560,100,0,100,100,7,0
2024-07-21,A100,64.08850219051322,560,100,0,100,100,7,0
2024-07-22,A100,70.78025491055215,560,100,0,100,100,7,0
2024-07-23,A100,64.50165330642587,560,100,0,100,100,7,0
2024-07-24,A100,92.20268535056158,560,100,1,500,100,7,0
2024-07-25,A100,71.22196635745338,560,100,0,100,100,7,0
2024-07-26,A100,88.95089759871033,560,100,1,500,100,7,0
2024-07-27,A100,61.09394694487409,560,100,0,100,100,7,0
2024-07-28,A100,41.694108836916364,560,100,0,100,100,7,0
2024-07-29,A100,69.9710520690969,560,100,0,100,100,7,0
2024-07-30,A100,85.51897655020325,560,100,0,100,100,7,0
2024-07-31,A100,84.3839671504387,560,100,0,100,100,7,0
2024-08-01,A100,72.13497120869816,560,100,0,100,100,7,0
2024-08-02,A100,71.57914276187114,560,100,0,100,100,7,0
2024-08-03,A100,38.345505763493634,560,100,0,100,100,7,0
2024-08-04,A100,55.20398927277537,560,100,0,100,100,7,0
2024-08-05,A100,77.47833573689122,560,100,0,100,100,7,0
2024-08-06,A100,66.94010739942891,560,100,0,100,100,7,0
2024-08-07,A100,80.29705200595183,560,100,0,100,100,7,0
2024-08-08,A100,79.42983547507767,560,100,0,100,100,7,0
2024-08-09,A100,64.58213579875104,560,100,0,100,100,7,0
2024-08-10,A100,60.35736770517613,560,100,0,100,100,7,0
2024-08-11,A100,73.25737662937365,560,100,0,100,100,7,0
2024-08-12,A100,55.7328102726925,560,100,0,100,100,7,0
2024-08-13,A100,65.65157005555969,560,100,0,100,100,7,0
2024-08-14,A100,54.46805400202824,560,100,0,100,100,7,0
2024-08-15,A100,60.477081366509516,560,100,0,100,100,7,0
2024-08-16,A100,85.84399710984998,560,100,0,100,100,7,0
2024-08-17,A100,69.13867532570552,560,100,1,500,100,7,0
2024-08-18,A100,39.62621324813287,560,100,0,100,100,7,0
2024-08-19,A100,58.40679290647417,560,100,0,100,100,7,0
2024-08-20,A100,52.44419904295623,560,100,0,100,100,7,0
2024-08-21,A100,69.05660690577753,560,100,0,100,100,7,0
2024-08-22,A100,71.46478973699662,560,100,0,100,100,7,0
2024-08-23,A100,75.4930257426358,560,100,0,100,100,7,0
2024-08-24,A100,63.12980595555664,560,100,0,100,100,7,0
2024-08-25,A100,57.93310827802836,560,100,1,500,100,7,0
2024-08-26,A100,70.3112505722384,560,100,0,100,100,7,0
2024-08-27,A100,65.29659420816633,560,100,0,100,100,7,0
2024-08-28,A100,76.17245125700262,560,100,0,100,100,7,0
2024-08-29,A100,73.55578184820332,560,100,0,100,100,7,0
2024-08-30,A100,85.03356710507141,560,100,0,100,100,7,0
2024-08-31,A100,47.26928479003883,560,100,0,100,100,7,0
2024-09-01,A100,45.891031991369076,560,100,0,100,100,7,0
2024-09-02,A100,61.144999335961266,560,100,0,100,100,7,0
2024-09-03,A100,64.70431582491027,560,100,0,100,100,7,0
2024-09-04,A100,59.09398114456177,560,100,0,100,100,7,0
2024-09-05,A100,57.00649603903748,560,100,0,100,100,7,0
2024-09-06,A100,68.19356809627179,560,100,0,100,100,7,0
2024-09-07,A100,50.74990923373836,560,100,0,100,100,7,0
2024-09-08,A100,48.50686030407613,560,100,0,100,100,7,0
2024-09-09,A100,51.797752584900586,560,100,0,100,100,7,0
2024-09-10,A100,43.33393278607319,560,100,0,100,100,7,0
2024-09-11,A100,77.5611058941615,560,100,0,100,100,7,0
2024-09-12,A100,77.14510344281365,560,100,0,100,100,7,0
2024-09-13,A100,72.18692704002287,560,100,0,100,100,7,0
2024-09-14,A100,73.6648455900751,560,100,1,500,100,7,0
2024-09-15,A100,49.3107184693074,560,100,0,100,100,7,0
2024-09-16,A100,69.89307792737839,560,100,0,100,100,7,0
2024-09-17,A100,53.61604084096991,560,100,0,100,100,7,0
2024-09-18,A100,65.16663122259112,560,100,0,100,100,7,0
2024-09-19,A100,56.67412545405323,560,100,0,100,100,7,0
2024-09-20,A100,69.71037547825821,560,100,0,100,100,7,0
2024-09-21,A100,69.45847142125555,560,100,0,100,100,7,0
2024-09-22,A100,44.91418682733995,560,100,0,100,100,7,0
2024-09-23,A100,59.016430139693995,560,100,0,100,100,7,0
2024-09-24,A100,64.73605872034122,560,100,0,100,100,7,0
2024-09-25,A100,46.70378976506108,560,100,0,100,100,7,0
2024-09-26,A100,49.06661065770429,560,100,0,100,100,7,0
2024-09-27,A100,78.58163312325043,560,100,0,100,100,7,0
2024-09-28,A100,57.306472335733986,560,100,0,100,100,7,0
2024-09-29,A100,48.36831515696553,560,100,0,100,100,7,0
2024-09-30,A100,63.63004193390816,560,100,0,100,100,7,0
2024-10-01,A100,59.37324068813027,560,100,0,100,100,7,0
2024-10-02,A100,64.94523835073075,560,100,0,100,100,7,0
2024-10-03,A100,59.729484856288934,560,100,0,100,100,7,0
2024-10-04,A100,62.93026599426844,560,100,0,100,100,7,0
2024-10-05,A100,60.807522656033136,560,100,0,100,100,7,0
2024-10-06,A100,60.17201717629281,560,100,0,100,100,7,0
2024-10-07,A100,94.06113197317832,560,100,1,500,100,7,0
2024-10-08,A100,67.73494513640402,560,100,0,100,100,7,0
2024-10-09,A100,64.41824848053905,560,100,0,100,100,7,0
2024-10-10,A100,95.85156153127605,560,100,1,500,100,7,0
2024-10-11,A100,62.19576532721121,560,100,0,100,100,7,0
2024-10-12,A100,33.853837435673285,560,100,0,100,100,7,0
2024-10-13,A100,62.38196174272101,560,100,0,100,100,7,0
2024-10-14,A100,82.98663627287563,560,100,1,500,100,7,0
2024-10-15,A100,64.31106820943494,560,100,0,100,100,7,0
2024-10-16,A100,72.51923519006996,560,100,0,100,100,7,0
2024-10-17,A100,60.46936336981961,560,100,0,100,100,7,0
2024-10-18,A100,44.32587540499006,560,100,0,100,100,7,0
2024-10-19,A100,63.24132855463494,560,100,0,100,100,7,0
2024-10-20,A100,48.852340401320944,560,100,0,100,100,7,0
2024-10-21,A100,55.77143038021095,560,100,0,100,100,7,0
2024-10-22,A100,45.12830842801773,560,100,0,100,100,7,0
2024-10-23,A100,72.47974278929848,560,100,0,100,100,7,0
2024-10-24,A100,41.53646433650765,560,100,0,100,100,7,0
2024-10-25,A100,77.29999131022575,560,100,0,100,100,7,0
2024-10-26,A100,52.40788096569848,560,100,0,100,100,7,0
2024-10-27,A100,63.571200225608095,560,100,0,100,100,7,0
2024-10-28,A100,69.70635990492485,560,100,0,100,100,7,0
2024-10-29,A100,83.58602859437076,560,100,0,100,100,7,0
2024-10-30,A100,86.22536961922748,560,100,1,500,100,7,0
2024-10-31,A100,77.65837506761804,560,100,0,100,100,7,0
2024-11-01,A100,60.98936945280694,560,100,0,100,100,7,0
2024-11-02,A100,41.53732986091965,560,100,0,100,100,7,0
2024-11-03,A100,80.12356626406407,560,100,1,500,100,7,0
2024-11-04,A100,51.56982762459464,560,100,0,100,100,7,0
2024-11-05,A100,74.10479218147353,560,100,0,100,100,7,0
2024-11-06,A100,56.825483890807355,560,100,0,100,100,7,0
2024-11-07,A100,69.901881225171,560,100,0,100,100,7,0
2024-11-08,A100,85.32959812489926,560,100,0,100,100,7,0
2024-11-09,A100,63.81961568312226,560,100,0,100,100,7,0
2024-11-10,A100,55.601682999884105,560,100,0,100,100,7,0
2024-11-11,A100,72.11576803353735,560,100,0,100,100,7,0
2024-11-12,A100,80.18467603125363,560,100,1,500,100,7,0
2024-11-13,A100,90.55490781839828,560,100,0,100,100,7,0
2024-11-14,A100,78.68421799315801,560,100,1,500,100,7,0
2024-11-15,A100,67.71783935453603,560,100,0,100,100,7,0
2024-11-16,A100,78.67128749106413,560,100,1,500,100,7,0
2024-11-17,A100,62.174757998207944,560,100,0,100,100,7,0
2024-11-18,A100,73.8435701087285,560,100,0,100,100,7,0
2024-11-19,A100,64.70730352378004,560,100,0,100,100,7,0
2024-11-20,A100,67.34780694394667,560,100,0,100,100,7,0
2024-11-21,A100,78.79579545654883,560,100,0,100,100,7,0
2024-11-22,A100,78.4907224711708,560,100,0,100,100,7,0
2024-11-23,A100,63.48822241883378,560,100,0,100,100,7,0
2024-11-24,A100,72.81311784368987,560,100,0,100,100,7,0
2024-11-25,A100,80.09365212539652,560,100,0,100,100,7,0
2024-11-26,A100,79.06865072261732,560,100,0,100,100,7,0
2024-11-27,A100,55.92862079386948,560,100,0,100,100,7,0
2024-11-28,A100,75.07145504975045,560,100,0,100,100,7,0
2024-11-29,A100,73.50882626972559,560,100,0,100,100,7,0
2024-11-30,A100,75.38469389875137,560,100,0,100,100,7,0
2024-12-01,A100,33.918272912295265,560,100,0,100,100,7,0
2024-12-02,A100,70.94631133753919,560,100,0,100,100,7,0
2024-12-03,A100,73.67558472170404,560,100,0,100,100,7,0
2024-12-04,A100,62.58698112225686,560,100,0,100,100,7,0
2024-12-05,A100,64.47479848042371,560,100,0,100,100,7,0
2024-12-06,A100,87.70034652930023,560,100,0,100,100,7,0
2024-12-07,A100,82.81781148823357,560,100,1,500,100,7,0
2024-12-08,A100,80.79896768057309,560,100,0,100,100,7,0
2024-12-09,A100,72.5285708615197,560,100,0,100,100,7,0
2024-12-10,A100,61.00418925418044,560,100,0,100,100,7,0
2024-12-11,A100,71.68770450723571,560,100,0,100,100,7,0
2024-12-12,A100,70.33910639607129,560,100,0,100,100,7,0
2024-12-13,A100,81.99034224041549,560,100,0,100,100,7,0
2024-12-14,A100,70.50436610542891,560,100,0,100,100,7,0
2024-12-15,A100,69.39971776907541,560,100,0,100,100,7,0
2024-12-16,A100,97.52243616421015,560,100,0,100,100,7,0
2024-12-17,A100,88.48958057423634,560,100,0,100,100,7,0
2024-12-18,A100,68.4724993723886,560,100,0,100,100,7,0
2024-12-19,A100,86.47956263244954,560,100,0,100,100,7,0
2024-12-20,A100,77.46241149457997,560,100,0,100,100,7,0
2024-12-21,A100,63.834731120952384,560,100,0,100,100,7,0
2024-12-22,A100,79.52774891976938,560,100,0,100,100,7,0
2024-12-23,A100,69.25982914044522,560,100,0,100,100,7,0
2024-12-24,A100,87.12611705888821,560,100,0,100,100,7,0
2024-12-25,A100,85.71374943431431,560,100,0,100,100,7,0
2024-12-26,A100,69.91298098416968,560,100,0,100,100,7,0
2024-12-27,A100,63.4054927043186,560,100,0,100,100,7,0
2024-12-28,A100,66.67262893462394,560,100,0,100,100,7,0
2024-12-29,A100,39.333640617012264,560,100,0,100,100,7,0
2024-12-30,A100,90.69126077022268,560,100,0,100,100,7,0
2024-12-31,A100,83.66810346469639,560,100,0,100,100,7,0
2025-01-01,A100,94.08679783734078,560,100,0,100,100,7,0
2025-01-02,A100,83.33475677605968,560,100,0,100,100,7,0
2025-01-03,A100,95.3831748355688,560,100,0,100,100,7,0
2025-01-04,A100,63.240159780588044,560,100,0,100,100,7,0
2025-01-05,A100,91.3554269578174,560,100,1,500,100,7,0
2025-01-06,A100,77.85415827265753,560,100,0,100,100,7,0
2025-01-07,A100,80.82560368185037,560,100,0,100,100,7,0
2025-01-08,A100,83.06609507692646,560,100,0,100,100,7,0
2025-01-09,A100,85.89753121902505,560,100,0,100,100,7,0
2025-01-10,A100,75.78256685919305,560,100,0,100,100,7,0
2025-01-11,A100,74.97132924766433,560,100,0,100,100,7,0
2025-01-12,A100,71.17400156918958,560,100,0,100,100,7,0
2025-01-13,A100,70.48987420452617,560,100,0,100,100,7,0
2025-01-14,A100,66.84702891888716,560,100,0,100,100,7,0
2025-01-15,A100,94.883340258371,560,100,0,100,100,7,0
2025-01-16,A100,62.648446145094795,560,100,0,100,100,7,0
2025-01-17,A100,83.04977988367925,560,100,0,100,100,7,0
2025-01-18,A100,58.155657606256874,560,100,0,100,100,7,0
2025-01-19,A100,88.7425698301475,560,100,0,100,100,7,0
2025-01-20,A100,90.80462261193664,560,100,0,100,100,7,0
2025-01-21,A100,88.82257271149516,560,100,0,100,100,7,0
2025-01-22,A100,78.14067027378758,560,100,0,100,100,7,0
2025-01-23,A100,72.98578478916804,560,100,0,100,100,7,0
2025-01-24,A100,88.13557701470876,560,100,0,100,100,7,0
2025-01-25,A100,73.45241334294451,560,100,0,100,100,7,0
2025-01-26,A100,63.59365913114937,560,100,0,100,100,7,0
2025-01-27,A100,98.36060788858987,560,100,1,500,100,7,0
2025-01-28,A100,76.37130601721717,560,100,0,100,100,7,0
2025-01-29,A100,76.31274207195855,560,100,0,100,100,7,0
2025-01-30,A100,81.8992975479701,560,100,0,100,100,7,0
2025-01-31,A100,91.30448648491947,560,100,0,100,100,7,0
2025-02-01,A100,79.90178915981754,560,100,0,100,100,7,0
2025-02-02,A100,74.89832986311964,560,100,0,100,100,7,0
2025-02-03,A100,90.10414794540038,560,100,0,100,100,7,0
2025-02-04,A100,94.32382337386832,560,100,0,100,100,7,0
2025-02-05,A100,70.11159859320291,560,100,0,100,100,7,0
2025-02-06,A100,91.52881489978674,560,100,0,100,100,7,0
2025-02-07,A100,102.32538651560783,560,100,0,100,100,7,0
2025-02-08,A100,57.88344664477914,560,100,0,100,100,7,0
2025-02-09,A100,50.24003927496621,560,100,0,100,100,7,0
2025-02-10,A100,88.56370133467331,560,100,0,100,100,7,0
2025-02-11,A100,100.93745437413571,560,100,0,100,100,7,0
2025-02-12,A100,89.1493825222552,560,100,0,100,100,7,0
2025-02-13,A100,96.91271885824817,560,100,0,100,100,7,0
2025-02-14,A100,94.15542788255557,560,100,0,100,100,7,0
2025-02-15,A100,66.49100050081789,560,100,0,100,100,7,0
2025-02-16,A100,68.62585303587292,560,100,0,100,100,7,0
2025-02-17,A100,75.56200091975889,560,100,0,100,100,7,0
2025-02-18,A100,106.50254884108183,560,100,0,100,100,7,0
2025-02-19,A100,100.1900030492324,560,100,0,100,100,7,0
2025-02-20,A100,91.29689545054103,560,100,0,100,100,7,0
2025-02-21,A100,90.20667564200924,560,100,0,100,100,7,0
2025-02-22,A100,71.04055731526068,560,100,0,100,100,7,0
2025-02-23,A100,82.69021992238481,560,100,0,100,100,7,0
2025-02-24,A100,86.02487568693827,560,100,0,100,100,7,0
2025-02-25,A100,89.62909378150967,560,100,0,100,100,7,0
2025-02-26,A100,87.260389631047,560,100,0,100,100,7,0
2025-02-27,A100,100.85068840743999,560,100,0,100,100,7,0
2025-02-28,A100,92.19142727405105,560,100,0,100,100,7,0
2025-03-01,A100,81.01753411234523,560,100,0,100,100,7,0
2025-03-02,A100,68.782952322217,560,100,0,100,100,7,0
2025-03-03,A100,87.91441751161209,560,100,0,100,100,7,0
2025-03-04,A100,95.69529732479556,560,100,0,100,100,7,0
2025-03-05,A100,79.03009942908709,560,100,0,100,100,7,0
2025-03-06,A100,92.27735543029159,560,100,0,100,100,7,0
2025-03-07,A100,94.38276497977033,560,100,0,100,100,7,0
2025-03-08,A100,68.30884676616581,560,100,0,100,100,7,0
2025-03-09,A100,110.52749671533101,560,100,1,500,100,7,0
2025-03-10,A100,98.15477590558244,560,100,0,100,100,7,0
2025-03-11,A100,93.4676218463071,560,100,0,100,100,7,0
2025-03-12,A100,88.2836565986301,560,100,0,100,100,7,0
2025-03-13,A100,79.56435097485185,560,100,0,100,100,7,0
2025-03-14,A100,104.26319765116398,560,100,0,100,100,7,0
2025-03-15,A100,76.62825176424651,560,100,0,100,100,7,0
2025-03-16,A100,67.53233263797676,560,100,0,100,100,7,0
2025-03-17,A100,88.44417358932719,560,100,0,100,100,7,0
2025-03-18,A100,99.8618599736808,560,100,0,100,100,7,0
2025-03-19,A100,97.87284336755295,560,100,0,100,100,7,0
2025-03-20,A100,85.39354916887572,560,100,0,100,100,7,0
2025-03-21,A100,106.57181635333545,560,100,0,100,100,7,0
2025-03-22,A100,67.73762845147894,560,100,0,100,100,7,0
2025-03-23,A100,94.46382522748343,560,100,0,100,100,7,0
2025-03-24,A100,97.71122274967897,560,100,0,100,100,7,0
2025-03-25,A100,92.18908747787395,560,100,0,100,100,7,0
2025-03-26,A100,93.48296623538484,560,100,0,100,100,7,0
2025-03-27,A100,96.6877801148653,560,100,0,100,100,7,0
2025-03-28,A100,101.06443432649934,560,100,0,100,100,7,0
2025-03-29,A100,64.51885419042281,560,100,0,100,100,7,0
2025-03-30,A100,74.29141559178298,560,100,0,100,100,7,0
2025-03-31,A100,96.44287372302864,560,100,0,100,100,7,0
2025-04-01,A100,107.28463194489578,560,100,0,100,100,7,0
2025-04-02,A100,106.86658302151542,560,100,0,100,100,7,0
2025-04-03,A100,111.26160102876017,560,100,0,100,100,7,0
2025-04-04,A100,130.32592649285087,560,100,1,500,100,7,0
2025-04-05,A100,73.59725603208092,560,100,0,100,100,7,0
2025-04-06,A100,81.39224509993129,560,100,0,100,100,7,0
2025-04-07,A100,106.33482718930733,560,100,0,100,100,7,0
2025-04-08,A100,105.24290396570045,560,100,0,100,100,7,0
2025-04-09,A100,93.90399088166394,560,100,0,100,100,7,0
2025-04-10,A100,100.65092651914732,560,100,0,100,100,7,0
2025-04-11,A100,91.35407132292237,560,100,0,100,100,7,0
2025-04-12,A100,67.04658282208051,560,100,0,100,100,7,0
2025-04-13,A100,80.18203123495573,560,100,0,100,100,7,0
2025-04-14,A100,93.90533615485758,560,100,0,100,100,7,0
2025-04-15,A100,90.6951350166284,560,100,0,100,100,7,0
2025-04-16,A100,100.64046290600332,560,100,0,100,100,7,0
2025-04-17,A100,93.15103313852836,560,100,0,100,100,7,0
2025-04-18,A100,99.0746145687206,560,100,0,100,100,7,0
2025-04-19,A100,88.19255115280698,560,100,0,100,100,7,0
2025-04-20,A100,103.81803493149295,560,100,0,100,100,7,0
2025-04-21,A100,94.10558738131529,560,100,0,100,100,7,0
2025-04-22,A100,106.43481156222762,560,100,0,100,100,7,0
2025-04-23,A100,97.0494478949802,560,100,0,100,100,7,0
2025-04-24,A100,97.50361751624007,560,100,0,100,100,7,0
2025-04-25,A100,93.83246730662393,560,100,0,100,100,7,0
2025-04-26,A100,81.6890785784578,560,100,0,100,100,7,0
2025-04-27,A100,78.11044186236336,560,100,0,100,100,7,0
2025-04-28,A100,103.83320601602296,560,100,0,100,100,7,0
2025-04-29,A100,87.24947182733928,560,100,0,100,100,7,0
2025-04-30,A100,103.2072308618973,560,100,1,500,100,7,0
2025-05-01,A100,88.79547598385082,560,100,0,100,100,7,0
2025-05-02,A100,87.68264102801999,560,100,0,100,100,7,0
2025-05-03,A100,74.46117776934865,560,100,0,100,100,7,0
2025-05-04,A100,98.02509427697898,560,100,1,500,100,7,0
2025-05-05,A100,88.25353777765372,560,100,0,100,100,7,0
2025-05-06,A100,91.74462976261404,560,100,0,100,100,7,0
2025-05-07,A100,87.97239176734823,560,100,0,100,100,7,0
2025-05-08,A100,96.85596725936128,560,100,0,100,100,7,0
2025-05-09,A100,115.54984836484886,560,100,0,100,100,7,0
2025-05-10,A100,80.6525918143919,560,100,0,100,100,7,0
2025-05-11,A100,73.81502644250126,560,100,0,100,100,7,0
2025-05-12,A100,69.91469704815282,560,100,0,100,100,7,0
2025-05-13,A100,110.32707426811864,560,100,0,100,100,7,0
2025-05-14,A100,94.3706499387246,560,100,0,100,100,7,0
2025-05-15,A100,90.11635835043668,560,100,0,100,100,7,0
2025-05-16,A100,69.65360056088595,560,100,0,100,100,7,0
2025-05-17,A100,76.52506442245816,560,100,0,100,100,7,0
2025-05-18,A100,78.6598770073466,560,100,0,100,100,7,0
2025-05-19,A100,85.83866352673836,560,100,0,100,100,7,0
2025-05-20,A100,77.8601750839512,560,100,0,100,100,7,0
2025-05-21,A100,77.08478205323033,560,100,0,100,100,7,0
2025-05-22,A100,131.32701387112897,560,100,1,500,100,7,0
2025-05-23,A100,113.53844014764361,560,100,1,500,100,7,0
2025-05-24,A100,71.3050343537817,560,100,0,100,100,7,0
2025-05-25,A100,76.56085802260495,560,100,0,100,100,7,0
2025-05-26,A100,89.13082526050857,560,100,0,100,100,7,0
2025-05-27,A100,75.36004350924752,560,100,0,100,100,7,0
2025-05-28,A100,97.75692893792761,560,100,0,100,100,7,0
2025-05-29,A100,86.92764745512042,560,100,0,100,100,7,0
2025-05-30,A100,89.58459834378091,560,100,0,100,100,7,0
2025-05-31,A100,89.2221421232002,560,100,0,100,100,7,0
2025-06-01,A100,62.24464339753732,560,100,0,100,100,7,0
2025-06-02,A100,80.36889650696119,560,100,0,100,100,7,0
2025-06-03,A100,112.46784677875391,560,100,1,500,100,7,0
2025-06-04,A100,95.8919178538884,560,100,0,100,100,7,0
2025-06-05,A100,81.13280352659606,560,100,0,100,100,7,0
2025-06-06,A100,81.39665334683043,560,100,0,100,100,7,0
2025-06-07,A100,79.62677548240259,560,100,0,100,100,7,0
2025-06-08,A100,95.14562468463569,560,100,0,100,100,7,0
2025-06-09,A100,86.74726912193469,560,100,0,100,100,7,0
2025-06-10,A100,78.35068889334313,560,100,0,100,100,7,0
2025-06-11,A100,75.409758347221,560,100,0,100,100,7,0
2025-06-12,A100,83.91440961103254,560,100,0,100,100,7,0
2025-06-13,A100,93.12348473938451,560,100,0,100,100,7,0
2025-06-14,A100,99.03239802907196,560,100,0,100,100,7,0
2025-06-15,A100,68.85117077320106,560,100,0,100,100,7,0
2025-06-16,A100,84.94037780726859,560,100,0,100,100,7,0
2025-06-17,A100,100.36151781488559,560,100,0,100,100,7,0
2025-06-18,A100,86.5662791432118,560,100,0,100,100,7,0
2025-06-19,A100,85.47003906690404,560,100,0,100,100,7,0
2025-06-20,A100,97.21697761542701,560,100,0,100,100,7,0
2025-06-21,A100,89.00613115853565,560,100,1,500,100,7,0
2025-06-22,A100,60.800729319411204,560,100,0,100,100,7,0
2025-06-23,A100,94.00891757607077,560,100,0,100,100,7,0
2025-06-24,A100,66.80935799219017,560,100,0,100,100,7,0
2025-06-25,A100,91.56845831161132,560,100,0,100,100,7,0
2025-06-26,A100,81.46991988251618,560,100,0,100,100,7,0
2025-06-27,A100,78.38429678424929,560,100,0,100,100,7,0
2025-06-28,A100,65.72082810251102,560,100,0,100,100,7,0
2025-06-29,A100,67.19242275806756,560,100,0,100,100,7,0
2025-06-30,A100,76.19428810072527,560,100,0,100,100,7,0
2025-07-01,A100,84.41958513192559,560,100,0,100,100,7,0
2025-07-02,A100,75.9641564604975,560,100,0,100,100,7,0
2025-07-03,A100,61.18078907548256,560,100,0,100,100,7,0
2025-07-04,A100,79.34108400292685,560,100,0,100,100,7,0
2025-07-05,A100,76.43390161003543,560,100,0,100,100,7,0
2025-07-06,A100,48.02861661011323,560,100,0,100,100,7,0
2025-07-07,A100,78.45437685163999,560,100,0,100,100,7,0
2025-07-08,A100,73.81244777996189,560,100,0,100,100,7,0
2025-07-09,A100,86.92888782329582,560,100,0,100,100,7,0
2025-07-10,A100,75.19888802472703,560,100,0,100,100,7,0
2025-07-11,A100,84.81547488363654,560,100,0,100,100,7,0
2025-07-12,A100,71.77336432610254,560,100,0,100,100,7,0
2025-07-13,A100,71.82416158656227,560,100,0,100,100,7,0
2025-07-14,A100,91.58422388955634,560,100,0,100,100,7,0
2025-07-15,A100,74.17711164883195,560,100,0,100,100,7,0
2025-07-16,A100,76.63477987145016,560,100,0,100,100,7,0
2025-07-17,A100,79.79768596007786,560,100,0,100,100,7,0
2025-07-18,A100,76.39677757439715,560,100,0,100,100,7,0
2025-07-19,A100,61.51174528751648,560,100,0,100,100,7,0
2025-07-20,A100,55.12570026824666,560,100,0,100,100,7,0
2025-07-21,A100,74.87089569591073,560,100,0,100,100,7,0
2025-07-22,A100,60.131347583150244,560,100,0,100,100,7,0
2025-07-23,A100,54.68625731633193,560,100,0,100,100,7,0
2025-07-24,A100,63.25673809581526,560,100,0,100,100,7,0
2025-07-25,A100,98.52207389173986,560,100,1,500,100,7,0
2025-07-26,A100,64.68334641751846,560,100,0,100,100,7,0
2025-07-27,A100,68.70248047636137,560,100,0,100,100,7,0
2025-07-28,A100,84.59130205647335,560,100,1,500,100,7,0
2025-07-29,A100,100.94587489748987,560,100,1,500,100,7,0
2025-07-30,A100,59.08572118946703,560,100,0,100,100,7,0
2025-07-31,A100,61.84232167838851,560,100,0,100,100,7,0
2025-08-01,A100,99.84997680870319,560,100,1,500,100,7,0
2025-08-02,A100,62.52038167918083,560,100,0,100,100,7,0
2025-08-03,A100,67.32512386779963,560,100,0,100,100,7,0
2025-08-04,A100,73.57178692320807,560,100,0,100,100,7,0
2025-08-05,A100,65.6871621832297,560,100,0,100,100,7,0
2025-08-06,A100,59.38742464420191,560,100,0,100,100,7,0
2025-08-07,A100,53.07627317324396,560,100,0,100,100,7,0
2025-08-08,A100,87.77275573968022,560,100,0,100,100,7,0
2025-08-09,A100,44.04966327150883,560,100,0,100,100,7,0
2025-08-10,A100,87.99786711862454,560,100,1,500,100,7,0
2025-08-11,A100,70.73328560297087,560,100,0,100,100,7,0
2025-08-12,A100,72.11010525534488,560,100,0,100,100,7,0
2025-08-13,A100,71.25907447817491,560,100,0,100,100,7,0
2025-08-14,A100,74.35031122720514,560,100,0,100,100,7,0
2025-08-15,A100,61.41985354818388,560,100,0,100,100,7,0
2025-08-16,A100,37.7321660498056,560,100,0,100,100,7,0
2025-08-17,A100,67.24817729309129,560,100,1,500,100,7,0
2025-08-18,A100,72.70575644897406,560,100,0,100,100,7,0
2025-08-19,A100,57.84265857947098,560,100,0,100,100,7,0
2025-08-20,A100,78.27069551934113,560,100,0,100,100,7,0
2025-08-21,A100,66.5579250033881,560,100,0,100,100,7,0
2025-08-22,A100,56.48503200955766,560,100,0,100,100,7,0
2025-08-23,A100,73.08741948906048,560,100,1,500,100,7,0
2025-08-24,A100,61.375236348525455,560,100,0,100,100,7,0
2025-08-25,A100,72.01706700091721,560,100,0,100,100,7,0
2025-08-26,A100,55.69694546198659,560,100,1,500,100,7,0
2025-08-27,A100,37.54648602103978,560,100,0,100,100,7,0
2025-08-28,A100,76.49341915250719,560,100,0,100,100,7,0
2025-08-29,A100,52.424962423824056,560,100,0,100,100,7,0
2025-08-30,A100,80.36007089459714,560,100,1,500,100,7,0
2025-08-31,A100,67.11929226615658,560,100,0,100,100,7,0
2025-09-01,A100,54.62830207145556,560,100,0,100,100,7,0
2025-09-02,A100,56.176446418848236,560,100,0,100,100,7,0
2025-09-03,A100,72.84376996439536,560,100,0,100,100,7,0
2025-09-04,A100,61.81283987059118,560,100,0,100,100,7,0
2025-09-05,A100,77.98411647432701,560,100,0,100,100,7,0
2025-09-06,A100,71.03291960801495,560,100,0,100,100,7,0
2025-09-07,A100,44.38227223970806,560,100,0,100,100,7,0
2025-09-08,A100,57.53393316118761,560,100,0,100,100,7,0
2025-09-09,A100,66.03619494191929,560,100,0,100,100,7,0
2025-09-10,A100,44.09512603875349,560,100,0,100,100,7,0
2025-09-11,A100,47.62443756879695,560,100,0,100,100,7,0
2025-09-12,A100,56.114143641505635,560,100,0,100,100,7,0
2025-09-13,A100,88.012167807579,560,100,1,500,100,7,0
2025-09-14,A100,57.32876965253892,560,100,0,100,100,7,0
2025-09-15,A100,58.31952232162717,560,100,0,100,100,7,0
2025-09-16,A100,54.68985475927144,560,100,0,100,100,7,0
2025-09-17,A100,52.9117882204101,560,100,0,100,100,7,0
2025-09-18,A100,58.7685220470061,560,100,0,100,100,7,0
2025-09-19,A100,58.18747333033299,560,100,0,100,100,7,0
2025-09-20,A100,52.373168531413164,560,100,0,100,100,7,0
2025-09-21,A100,59.25513807920173,560,100,0,100,100,7,0
2025-09-22,A100,63.338038205663324,560,100,0,100,100,7,0
2025-09-23,A100,71.79574573040699,560,100,0,100,100,7,0
2025-09-24,A100,61.16951062029986,560,100,0,100,100,7,0
2025-09-25,A100,96.39146604433363,560,100,1,500,100,7,0
2025-09-26,A100,71.44830579223184,560,100,0,100,100,7,0
2025-09-27,A100,56.51700857813721,560,100,0,100,100,7,0
2025-09-28,A100,59.10857790739275,560,100,0,100,100,7,0
2025-09-29,A100,58.6285712260187,560,100,0,100,100,7,0
2025-09-30,A100,61.58227763833803,560,100,0,100,100,7,0
2025-10-01,A100,61.21720333904617,560,100,0,100,100,7,0
2025-10-02,A100,56.63738862578416,560,100,0,100,100,7,0
2025-10-03,A100,50.95173258545117,560,100,0,100,100,7,0
2025-10-04,A100,59.65397192654174,560,100,0,100,100,7,0
2025-10-05,A100,77.30713291795455,560,100,1,500,100,7,0
2025-10-06,A100,67.82394020347398,560,100,0,100,100,7,0
2025-10-07,A100,63.20814770205505,560,100,0,100,100,7,0
2025-10-08,A100,85.3738026166502,560,100,0,100,100,7,0
2025-10-09,A100,73.7996275725387,560,100,1,500,100,7,0
2025-10-10,A100,66.61183983267136,560,100,0,100,100,7,0
2025-10-11,A100,65.38095410703947,560,100,0,100,100,7,0
2025-10-12,A100,57.6419592527561,560,100,1,500,100,7,0
2025-10-13,A100,70.34971533403983,560,100,0,100,100,7,0
2025-10-14,A100,81.46320309307555,560,100,0,100,100,7,0
2025-10-15,A100,64.36799872229741,560,100,0,100,100,7,0
2025-10-16,A100,66.06337055836299,560,100,0,100,100,7,0
2025-10-17,A100,58.26803772621858,560,100,0,100,100,7,0
2025-10-18,A100,59.55702725711316,560,100,0,100,100,7,0
2025-10-19,A100,47.4673798729847,560,100,0,100,100,7,0
2025-10-20,A100,64.18250896634129,560,100,0,100,100,7,0
2025-10-21,A100,50.8140632713659,560,100,0,100,100,7,0
2025-10-22,A100,40.06067402587887,560,100,0,100,100,7,0
2025-10-23,A100,60.548971761470376,560,100,0,100,100,7,0
2025-10-24,A100,60.50543931005792,560,100,0,100,100,7,0
2025-10-25,A100,51.73820325162256,560,100,0,100,100,7,0
2025-10-26,A100,62.71814352824637,560,100,0,100,100,7,0
2025-10-27,A100,75.14822774148617,560,100,0,100,100,7,0
2025-10-28,A100,68.53082697137653,560,100,0,100,100,7,0
2025-10-29,A100,72.16476122705019,560,100,0,100,100,7,0
2025-10-30,A100,58.62924308678023,560,100,0,100,100,7,0
2025-10-31,A100,56.54665789512718,560,100,0,100,100,7,0
2025-11-01,A100,61.075904299984416,560,100,0,100,100,7,0
2025-11-02,A100,45.63633034241346,560,100,0,100,100,7,0
2025-11-03,A100,71.39139233482275,560,100,1,500,100,7,0
2025-11-04,A100,94.10048184471584,560,100,0,100,100,7,0
2025-11-05,A100,67.33958438102067,560,100,0,100,100,7,0
2025-11-06,A100,62.249860931473044,560,100,0,100,100,7,0
2025-11-07,A100,61.35713173836727,560,100,0,100,100,7,0
2025-11-08,A100,43.321376364761335,560,100,0,100,100,7,0
2025-11-09,A100,59.97616094900557,560,100,0,100,100,7,0
2025-11-10,A100,64.68502150936746,560,100,0,100,100,7,0
2025-11-11,A100,77.08816508779503,560,100,0,100,100,7,0
2025-11-12,A100,90.10581506799353,560,100,1,500,100,7,0
2025-11-13,A100,64.90824728412213,560,100,0,100,100,7,0
2025-11-14,A100,49.3940103676091,560,100,0,100,100,7,0
2025-11-15,A100,58.82799544827523,560,100,0,100,100,7,0
2025-11-16,A100,58.11982918376363,560,100,0,100,100,7,0
2025-11-17,A100,48.26558706718053,560,100,0,100,100,7,0
2025-11-18,A100,73.07389436880531,560,100,0,100,100,7,0
2025-11-19,A100,75.63505149210519,560,100,1,500,100,7,0
2025-11-20,A100,79.3906235793517,560,100,0,100,100,7,0
2025-11-21,A100,68.87110509787159,560,100,0,100,100,7,0
2025-11-22,A100,53.4576177292868,560,100,0,100,100,7,0
2025-11-23,A100,61.55619183130389,560,100,0,100,100,7,0
2025-11-24,A100,71.70072234261977,560,100,0,100,100,7,0
2025-11-25,A100,71.56486431867071,560,100,0,100,100,7,0
2025-11-26,A100,79.24148167371554,560,100,0,100,100,7,0
2025-11-27,A100,53.750905590424054,560,100,0,100,100,7,0
2025-11-28,A100,73.80314858117984,560,100,0,100,100,7,0
2025-11-29,A100,53.983468188476834,560,100,0,100,100,7,0
2025-11-30,A100,73.61016438982934,560,100,1,500,100,7,0
2025-12-01,A100,85.49320060385348,560,100,0,100,100,7,0
2025-12-02,A100,64.62243419921195,560,100,0,100,100,7,0
2025-12-03,A100,76.27532854967838,560,100,0,100,100,7,0
2025-12-04,A100,99.7121694312042,560,100,1,500,100,7,0
2025-12-05,A100,77.71611838813526,560,100,0,100,100,7,0
2025-12-06,A100,62.87860199417155,560,100,0,100,100,7,0
2025-12-07,A100,64.55470459894046,560,100,0,100,100,7,0
2025-12-08,A100,79.09934828194716,560,100,0,100,100,7,0
2025-12-09,A100,66.25676594595689,560,100,0,100,100,7,0
2025-12-10,A100,74.01159861596307,560,100,0,100,100,7,0
2025-12-11,A100,95.72109872062728,560,100,0,100,100,7,0
2025-12-12,A100,78.85193293560489,560,100,0,100,100,7,0
2025-12-13,A100,64.74096863013301,560,100,0,100,100,7,0
2025-12-14,A100,60.39410151284317,560,100,0,100,100,7,0
2025-12-15,A100,67.91685772897999,560,100,0,100,100,7,0
2025-12-16,A100,78.24035328420142,560,100,0,100,100,7,0
2025-12-17,A100,79.1803208933048,560,100,0,100,100,7,0
2025-12-18,A100,75.47291528634204,560,100,0,100,100,7,0
2025-12-19,A100,102.6114809395404,560,100,0,100,100,7,0
2025-12-20,A100,58.477404687354245,560,100,0,100,100,7,0
2025-12-21,A100,72.9682587258264,560,100,1,500,100,7,0
2025-12-22,A100,73.9667495888515,560,100,0,100,100,7,0
2025-12-23,A100,77.12721164238555,560,100,0,100,100,7,0
2025-12-24,A100,69.88094463087661,560,100,0,100,100,7,0
2025-12-25,A100,80.43632404244151,560,100,0,100,100,7,0
2025-12-26,A100,81.74927013741183,560,100,0,100,100,7,0
2025-12-27,A100,73.51043992440714,560,100,0,100,100,7,0
2025-12-28,A100,62.233277916137645,560,100,0,100,100,7,0
2025-12-29,A100,91.87198750423507,560,100,0,100,100,7,0
2025-12-30,A100,85.46391444266416,560,100,0,100,100,7,0
2025-12-31,A100,106.93262329984402,560,100,0,100,100,7,0
2023-01-01,B200,107.00467093621917,980,150,0,100,100,10,0
2023-01-02,B200,126.66937604115179,980,150,0,100,100,10,0
2023-01-03,B200,136.41019079621327,980,150,0,100,100,10,0
2023-01-04,B200,147.55386321210045,980,150,0,100,100,10,0
2023-01-05,B200,150.48665248734673,980,150,0,100,100,10,0
2023-01-06,B200,188.73661340407943,980,150,1,500,100,10,0
2023-01-07,B200,157.49421189558555,980,150,0,100,100,10,0
2023-01-08,B200,90.97526877245053,980,150,0,100,100,10,0
2023-01-09,B200,115.07726311608799,980,150,0,100,100,10,0
2023-01-10,B200,142.74662990498962,980,150,0,100,100,10,0
2023-01-11,B200,179.050342381459,980,150,0,100,100,10,0
2023-01-12,B200,157.9375036634443,980,150,0,100,100,10,0
2023-01-13,B200,165.97639134011587,980,150,1,500,100,10,0
2023-01-14,B200,127.5831192357764,980,150,0,100,100,10,0
2023-01-15,B200,122.0441834484641,980,150,0,100,100,10,0
2023-01-16,B200,143.99524269223681,980,150,0,100,100,10,0
2023-01-17,B200,139.00794688359133,980,150,0,100,100,10,0
2023-01-18,B200,150.05757892370536,980,150,0,100,100,10,0
2023-01-19,B200,167.14799856036223,980,150,0,100,100,10,0
2023-01-20,B200,141.78100584107514,980,150,0,100,100,10,0
2023-01-21,B200,137.67417777202564,980,150,0,100,100,10,0
2023-01-22,B200,141.0723220790794,980,150,0,100,100,10,0
2023-01-23,B200,172.49190668778684,980,150,0,100,100,10,0
2023-01-24,B200,136.6786204630515,980,150,0,100,100,10,0
2023-01-25,B200,151.8633899803979,980,150,0,100,100,10,0
2023-01-26,B200,141.2023662103011,980,150,0,100,100,10,0
2023-01-27,B200,154.09947299670824,980,150,0,100,100,10,0
2023-01-28,B200,131.47022903366639,980,150,0,100,100,10,0
2023-01-29,B200,111.91246471187695,980,150,0,100,100,10,0
2023-01-30,B200,194.80686660905246,980,150,1,500,100,10,0
2023-01-31,B200,190.95649153806642,980,150,0,100,100,10,0
2023-02-01,B200,162.79601418045308,980,150,0,100,100,10,0
2023-02-02,B200,133.4349215477261,980,150,0,100,100,10,0
2023-02-03,B200,139.94437729400627,980,150,0,100,100,10,0
2023-02-04,B200,131.82255213090048,980,150,0,100,100,10,0
2023-02-05,B200,117.65271797360921,980,150,0,100,100,10,0
2023-02-06,B200,177.29604444090128,980,150,0,100,100,10,0
2023-02-07,B200,133.6137042596675,980,150,0,100,100,10,0
2023-02-08,B200,165.67782104802237,980,150,0,100,100,10,0
2023-02-09,B200,170.6469851011038,980,150,1,500,100,10,0
2023-02-10,B200,196.77012880308217,980,150,1,500,100,10,0
2023-02-11,B200,117.32349352637198,980,150,0,100,100,10,0
2023-02-12,B200,146.38528347361412,980,150,0,100,100,10,0
2023-02-13,B200,176.59453507103785,980,150,0,100,100,10,0
2023-02-14,B200,165.15174470591205,980,150,0,100,100,10,0
2023-02-15,B200,178.1367724318594,980,150,0,100,100,10,0
2023-02-16,B200,120.31284805136102,980,150,0,100,100,10,0
2023-02-17,B200,203.04802476778804,980,150,1,500,100,10,0
2023-02-18,B200,144.79265738578516,980,150,0,100,100,10,0
2023-02-19,B200,147.26052390645543,980,150,0,100,100,10,0
2023-02-20,B200,130.51440227242563,980,150,0,100,100,10,0
2023-02-21,B200,168.83253551640254,980,150,0,100,100,10,0
2023-02-22,B200,213.27513435794663,980,150,1,500,100,10,0
2023-02-23,B200,164.5588144691623,980,150,0,100,100,10,0
2023-02-24,B200,141.24060228464145,980,150,0,100,100,10,0
2023-02-25,B200,129.36034788107,980,150,0,100,100,10,0
2023-02-26,B200,159.52512512374113,980,150,0,100,100,10,0
2023-02-27,B200,182.08994616350952,980,150,0,100,100,10,0
2023-02-28,B200,171.4884069138459,980,150,0,100,100,10,0
2023-03-01,B200,175.75304629244576,980,150,0,100,100,10,0
2023-03-02,B200,180.5916659079882,980,150,0,100,100,10,0
2023-03-03,B200,213.14777820673763,980,150,1,500,100,10,0
2023-03-04,B200,195.2460538838267,980,150,1,500,100,10,0
2023-03-05,B200,159.79210331532647,980,150,0,100,100,10,0
2023-03-06,B200,249.69365964544735,980,150,1,500,100,10,0
2023-03-07,B200,156.8628803352112,980,150,0,100,100,10,0
2023-03-08,B200,198.74753561698174,980,150,1,500,100,10,0
2023-03-09,B200,119.3654983753679,980,150,0,100,100,10,0
2023-03-10,B200,172.1678666970611,980,150,0,100,100,10,0
2023-03-11,B200,173.73270089189558,980,150,0,100,100,10,0
2023-03-12,B200,163.05105379277637,980,150,0,100,100,10,0
2023-03-13,B200,180.3526041197744,980,150,0,100,100,10,0
2023-03-14,B200,231.27324485217025,980,150,1,500,100,10,0
2023-03-15,B200,175.10224952352576,980,150,0,100,100,10,0
2023-03-16,B200,162.06159621907102,980,150,0,100,100,10,0
2023-03-17,B200,204.57188957892248,980,150,0,100,100,10,0
2023-03-18,B200,149.12927828775614,980,150,0,100,100,10,0
2023-03-19,B200,161.33489033464073,980,150,0,100,100,10,0
2023-03-20,B200,127.33335615580292,980,150,0,100,100,10,0
2023-03-21,B200,130.18432208874066,980,150,0,100,100,10,0
2023-03-22,B200,170.40772468201968,980,150,0,100,100,10,0
2023-03-23,B200,152.48601492270657,980,150,0,100,100,10,0
2023-03-24,B200,172.09489453664963,980,150,0,100,100,10,0
2023-03-25,B200,170.00704517361473,980,150,1,500,100,10,0
2023-03-26,B200,189.1527377660553,980,150,0,100,100,10,0
2023-03-27,B200,227.48552275135586,980,150,1,500,100,10,0
2023-03-28,B200,234.75869725442396,980,150,1,500,100,10,0
2023-03-29,B200,133.43456341213505,980,150,0,100,100,10,0
2023-03-30,B200,223.60946989032038,980,150,1,500,100,10,0
2023-03-31,B200,165.0299154951713,980,150,0,100,100,10,0
2023-04-01,B200,168.03374753645167,980,150,0,100,100,10,0
2023-04-02,B200,153.74421799276823,980,150,0,100,100,10,0
2023-04-03,B200,167.36241575246538,980,150,0,100,100,10,0
2023-04-04,B200,148.05898143583306,980,150,0,100,100,10,0
2023-04-05,B200,170.46504777463318,980,150,0,100,100,10,0
2023-04-06,B200,188.22466294454534,980,150,0,100,100,10,0
2023-04-07,B200,194.24206742564672,980,150,0,100,100,10,0
2023-04-08,B200,136.72463071770014,980,150,0,100,100,10,0
2023-04-09,B200,185.12818999940222,980,150,0,100,100,10,0
2023-04-10,B200,186.49377610134925,980,150,0,100,100,10,0
2023-04-11,B200,152.77434115015856,980,150,0,100,100,10,0
2023-04-12,B200,149.03700602508295,980,150,0,100,100,10,0
2023-04-13,B200,165.50772001945197,980,150,0,100,100,10,0
2023-04-14,B200,161.37683042071154,980,150,0,100,100,10,0
2023-04-15,B200,150.61796991643303,980,150,0,100,100,10,0
2023-04-16,B200,142.76056906333093,980,150,0,100,100,10,0
2023-04-17,B200,162.38838071808996,980,150,0,100,100,10,0
2023-04-18,B200,141.10207896462967,980,150,0,100,100,10,0
2023-04-19,B200,178.2057003419915,980,150,0,100,100,10,0
2023-04-20,B200,139.537660104583,980,150,0,100,100,10,0
2023-04-21,B200,185.27749083820225,980,150,0,100,100,10,0
2023-04-22,B200,108.36653208116404,980,150,0,100,100,10,0
2023-04-23,B200,113.27668245875945,980,150,0,100,100,10,0
2023-04-24,B200,150.98507982553,980,150,0,100,100,10,0
2023-04-25,B200,158.28331226502544,980,150,0,100,100,10,0
2023-04-26,B200,154.69002318282222,980,150,0,100,100,10,0
2023-04-27,B200,157.81652784371883,980,150,0,100,100,10,0
2023-04-28,B200,169.82448441494608,980,150,0,100,100,10,0
2023-04-29,B200,125.60329488995473,980,150,0,100,100,10,0
2023-04-30,B200,144.84456937120012,980,150,0,100,100,10,0
2023-05-01,B200,124.57442871907185,980,150,0,100,100,10,0
2023-05-02,B200,149.05090707446138,980,150,0,100,100,10,0
2023-05-03,B200,135.3354055607038,980,150,0,100,100,10,0
2023-05-04,B200,182.33629887074432,980,150,0,100,100,10,0
2023-05-05,B200,150.912808222375,980,150,0,100,100,10,0
2023-05-06,B200,149.0398608885564,980,150,0,100,100,10,0
2023-05-07,B200,107.18608946773972,980,150,0,100,100,10,0
2023-05-08,B200,188.64454235143512,980,150,0,100,100,10,0
2023-05-09,B200,204.59429384870242,980,150,1,500,100,10,0
2023-05-10,B200,197.42036736949774,980,150,0,100,100,10,0
2023-05-11,B200,161.44118867987396,980,150,0,100,100,10,0
2023-05-12,B200,135.84401110893944,980,150,0,100,100,10,0
2023-05-13,B200,119.8303034688822,980,150,0,100,100,10,0
2023-05-14,B200,132.59028559234557,980,150,0,100,100,10,0
2023-05-15,B200,143.94193352905873,980,150,0,100,100,10,0
2023-05-16,B200,176.8512332772089,980,150,0,100,100,10,0
2023-05-17,B200,160.96624462289125,980,150,0,100,100,10,0
2023-05-18,B200,143.12146347243083,980,150,0,100,100,10,0
2023-05-19,B200,172.8601842051367,980,150,0,100,100,10,0
2023-05-20,B200,128.61056086968094,980,150,0,100,100,10,0
2023-05-21,B200,147.54119835594986,980,150,0,100,100,10,0
2023-05-22,B200,149.023958394597,980,150,0,100,100,10,0
2023-05-23,B200,206.14352126651596,980,150,1,500,100,10,0
2023-05-24,B200,150.3684229680256,980,150,0,100,100,10,0
2023-05-25,B200,173.61543018295913,980,150,0,100,100,10,0
2023-05-26,B200,125.544871480389,980,150,0,100,100,10,0
2023-05-27,B200,111.531381544282,980,150,0,100,100,10,0
2023-05-28,B200,129.75513955942066,980,150,0,100,100,10,0
2023-05-29,B200,143.5016323153244,980,150,0,100,100,10,0
2023-05-30,B200,147.50182782548202,980,150,0,100,100,10,0
2023-05-31,B200,165.61311378952198,980,150,0,100,100,10,0
2023-06-01,B200,146.33289864006244,980,150,0,100,100,10,0
2023-06-02,B200,159.16586076757747,980,150,0,100,100,10,0
2023-06-03,B200,115.00369507852331,980,150,0,100,100,10,0
2023-06-04,B200,95.75803799702831,980,150,0,100,100,10,0
2023-06-05,B200,165.18481551998394,980,150,0,100,100,10,0
2023-06-06,B200,220.45124644680115,980,150,1,500,100,10,0
2023-06-07,B200,155.16250410833177,980,150,0,100,100,10,0
2023-06-08,B200,149.38372927236836,980,150,0,100,100,10,0
2023-06-09,B200,152.42404412844638,980,150,0,100,100,10,0
2023-06-10,B200,150.79683114650888,980,150,0,100,100,10,0
2023-06-11,B200,131.12882925771402,980,150,0,100,100,10,0
2023-06-12,B200,162.97150439093065,980,150,0,100,100,10,0
2023-06-13,B200,161.68641698621138,980,150,0,100,100,10,0
2023-06-14,B200,166.68301381246476,980,150,0,100,100,10,0
2023-06-15,B200,145.84800523717436,980,150,0,100,100,10,0
2023-06-16,B200,138.2281395000005,980,150,0,100,100,10,0
2023-06-17,B200,134.21645746560375,980,150,0,100,100,10,0
2023-06-18,B200,141.47300997145717,980,150,0,100,100,10,0
2023-06-19,B200,202.99948917581463,980,150,1,500,100,10,0
2023-06-20,B200,171.1267100066257,980,150,0,100,100,10,0
2023-06-21,B200,160.29763199765696,980,150,0,100,100,10,0
2023-06-22,B200,134.51035807221027,980,150,0,100,100,10,0
2023-06-23,B200,147.771398299396,980,150,0,100,100,10,0
2023-06-24,B200,124.19169792750223,980,150,0,100,100,10,0
2023-06-25,B200,121.89103704252993,980,150,0,100,100,10,0
2023-06-26,B200,152.03318890056804,980,150,0,100,100,10,0
2023-06-27,B200,138.609257527382,980,150,0,100,100,10,0
2023-06-28,B200,138.15312734284183,980,150,0,100,100,10,0
2023-06-29,B200,173.06716977276994,980,150,0,100,100,10,0
2023-06-30,B200,139.60639232267084,980,150,0,100,100,10,0
2023-07-01,B200,137.439393545273,980,150,0,100,100,10,0
2023-07-02,B200,138.13717736395367,980,150,0,100,100,10,0
2023-07-03,B200,143.448424785321,980,150,0,100,100,10,0
2023-07-04,B200,135.9168940199895,980,150,0,100,100,10,0
2023-07-05,B200,123.75999851205029,980,150,0,100,100,10,0
2023-07-06,B200,110.64634972963924,980,150,0,100,100,10,0
2023-07-07,B200,148.01952656805713,980,150,0,100,100,10,0
2023-07-08,B200,123.24502731573888,980,150,0,100,100,10,0
2023-07-09,B200,129.21834739291614,980,150,0,100,100,10,0
2023-07-10,B200,127.7964643227743,980,150,0,100,100,10,0
2023-07-11,B200,169.45065969077416,980,150,0,100,100,10,0
2023-07-12,B200,143.42562397493245,980,150,0,100,100,10,0
2023-07-13,B200,132.73760575483954,980,150,0,100,100,10,0
2023-07-14,B200,99.05580345947702,980,150,0,100,100,10,0
2023-07-15,B200,107.18758560009893,980,150,0,100,100,10,0
2023-07-16,B200,127.27916316365267,980,150,0,100,100,10,0
2023-07-17,B200,157.71448579227004,980,150,0,100,100,10,0
2023-07-18,B200,132.9903608249297,980,150,0,100,100,10,0
2023-07-19,B200,160.01911882368321,980,150,0,100,100,10,0
2023-07-20,B200,115.47817317172122,980,150,0,100,100,10,0
2023-07-21,B200,138.22338206467734,980,150,0,100,100,10,0
2023-07-22,B200,118.71312748051497,980,150,0,100,100,10,0
2023-07-23,B200,121.19549843394883,980,150,0,100,100,10,0
2023-07-24,B200,132.55979686290888,980,150,0,100,100,10,0
2023-07-25,B200,135.44733992965166,980,150,0,100,100,10,0
2023-07-26,B200,112.40895126454322,980,150,0,100,100,10,0
2023-07-27,B200,151.21749293664254,980,150,0,100,100,10,0
2023-07-28,B200,143.98979167215438,980,150,0,100,100,10,0
2023-07-29,B200,113.91065060389325,980,150,0,100,100,10,0
2023-07-30,B200,124.5437163185069,980,150,0,100,100,10,0
2023-07-31,B200,150.1362429151812,980,150,0,100,100,10,0
2023-08-01,B200,136.51237490220925,980,150,0,100,100,10,0
2023-08-02,B200,161.87624334318053,980,150,0,100,100,10,0
2023-08-03,B200,137.17807955183164,980,150,0,100,100,10,0
2023-08-04,B200,110.971659301135,980,150,0,100,100,10,0
2023-08-05,B200,110.55202197641538,980,150,0,100,100,10,0
2023-08-06,B200,122.83760402992377,980,150,0,100,100,10,0
2023-08-07,B200,147.31064464812295,980,150,0,100,100,10,0
2023-08-08,B200,126.65163056259475,980,150,0,100,100,10,0
2023-08-09,B200,107.75168295324866,980,150,0,100,100,10,0
2023-08-10,B200,119.15047903507856,980,150,0,100,100,10,0
2023-08-11,B200,130.2399283689411,980,150,1,500,100,10,0
2023-08-12,B200,117.29330066295478,980,150,0,100,100,10,0
2023-08-13,B200,96.55768821344799,980,150,0,100,100,10,0
2023-08-14,B200,109.5861739952721,980,150,0,100,100,10,0
2023-08-15,B200,136.27251339420118,980,150,0,100,100,10,0
2023-08-16,B200,148.14095141049359,980,150,0,100,100,10,0
2023-08-17,B200,108.48178795345447,980,150,0,100,100,10,0
2023-08-18,B200,123.17688923937393,980,150,0,100,100,10,0
2023-08-19,B200,98.79622752258304,980,150,0,100,100,10,0
2023-08-20,B200,125.76163813881647,980,150,0,100,100,10,0
2023-08-21,B200,117.94791857977481,980,150,0,100,100,10,0
2023-08-22,B200,101.78329302734429,980,150,0,100,100,10,0
2023-08-23,B200,118.1392771884668,980,150,0,100,100,10,0
2023-08-24,B200,138.0388152589634,980,150,0,100,100,10,0
2023-08-25,B200,143.23668638434626,980,150,1,500,100,10,0
2023-08-26,B200,89.77383363487353,980,150,0,100,100,10,0
2023-08-27,B200,97.89376200173119,980,150,0,100,100,10,0
2023-08-28,B200,100.56277976497924,980,150,0,100,100,10,0
2023-08-29,B200,113.74772789757299,980,150,0,100,100,10,0
2023-08-30,B200,107.49148261044465,980,150,0,100,100,10,0
2023-08-31,B200,156.0695700874266,980,150,0,100,100,10,0
2023-09-01,B200,83.74848657816386,980,150,0,100,100,10,0
2023-09-02,B200,84.19803466836454,980,150,0,100,100,10,0
2023-09-03,B200,88.05261276303814,980,150,0,100,100,10,0
2023-09-04,B200,127.72201342510378,980,150,1,500,100,10,0
2023-09-05,B200,122.29813384610463,980,150,0,100,100,10,0
2023-09-06,B200,102.77571813173488,980,150,0,100,100,10,0
2023-09-07,B200,90.33645887755685,980,150,0,100,100,10,0
2023-09-08,B200,116.14736142735704,980,150,0,100,100,10,0
2023-09-09,B200,92.3155873379022,980,150,0,100,100,10,0
2023-09-10,B200,109.89242163542106,980,150,1,500,100,10,0
2023-09-11,B200,137.7551823418849,980,150,0,100,100,10,0
2023-09-12,B200,121.62401018999671,980,150,0,100,100,10,0
2023-09-13,B200,119.46264721457504,980,150,0,100,100,10,0
2023-09-14,B200,121.72561437072939,980,150,0,100,100,10,0
2023-09-15,B200,120.67287131625675,980,150,0,100,100,10,0
2023-09-16,B200,92.25861617484587,980,150,0,100,100,10,0
2023-09-17,B200,84.28685113317405,980,150,0,100,100,10,0
2023-09-18,B200,115.0622206502384,980,150,0,100,100,10,0
2023-09-19,B200,108.56015851864157,980,150,0,100,100,10,0
2023-09-20,B200,80.4101366797486,980,150,0,100,100,10,0
2023-09-21,B200,95.06999316111083,980,150,0,100,100,10,0
2023-09-22,B200,106.18623914130772,980,150,0,100,100,10,0
2023-09-23,B200,111.45457494689536,980,150,0,100,100,10,0
2023-09-24,B200,97.8158735988277,980,150,0,100,100,10,0
2023-09-25,B200,97.66462387367415,980,150,0,100,100,10,0
2023-09-26,B200,93.41859585984118,980,150,0,100,100,10,0
2023-09-27,B200,160.00745279074226,980,150,1,500,100,10,0
2023-09-28,B200,109.07536193518769,980,150,0,100,100,10,0
2023-09-29,B200,63.942042103733094,980,150,0,100,100,10,0
2023-09-30,B200,93.29874782727899,980,150,0,100,100,10,0
2023-10-01,B200,107.0697599724958,980,150,0,100,100,10,0
2023-10-02,B200,92.8492016546976,980,150,0,100,100,10,0
2023-10-03,B200,113.15255390864594,980,150,0,100,100,10,0
2023-10-04,B200,114.75909251203788,980,150,0,100,100,10,0
2023-10-05,B200,93.82296617121818,980,150,0,100,100,10,0
2023-10-06,B200,133.77693054512122,980,150,0,100,100,10,0
2023-10-07,B200,98.34737542120381,980,150,0,100,100,10,0
2023-10-08,B200,89.14749757961052,980,150,0,100,100,10,0
2023-10-09,B200,109.42042301524538,980,150,0,100,100,10,0
2023-10-10,B200,91.09713546244161,980,150,0,100,100,10,0
2023-10-11,B200,90.54594041025108,980,150,0,100,100,10,0
2023-10-12,B200,104.7381716220163,980,150,0,100,100,10,0
2023-10-13,B200,105.83389882116948,980,150,0,100,100,10,0
2023-10-14,B200,91.84781277894707,980,150,0,100,100,10,0
2023-10-15,B200,119.27979010291054,980,150,0,100,100,10,0
2023-10-16,B200,152.04761456743293,980,150,1,500,100,10,0
2023-10-17,B200,83.21913163743541,980,150,0,100,100,10,0
2023-10-18,B200,132.68705141055892,980,150,0,100,100,10,0
2023-10-19,B200,105.44707031040409,980,150,0,100,100,10,0
2023-10-20,B200,154.46107416633293,980,150,1,500,100,10,0
2023-10-21,B200,114.14113984854234,980,150,1,500,100,10,0
2023-10-22,B200,98.65832101401874,980,150,0,100,100,10,0
2023-10-23,B200,93.87301269706357,980,150,0,100,100,10,0
2023-10-24,B200,119.74468518463252,980,150,0,100,100,10,0
2023-10-25,B200,129.01390395190802,980,150,0,100,100,10,0
2023-10-26,B200,87.39731437719867,980,150,0,100,100,10,0
2023-10-27,B200,129.70461542248134,980,150,0,100,100,10,0
2023-10-28,B200,86.07289148738053,980,150,0,100,100,10,0
2023-10-29,B200,127.36422585892696,980,150,0,100,100,10,0
2023-10-30,B200,128.36120841810055,980,150,0,100,100,10,0
2023-10-31,B200,125.35018161311973,980,150,0,100,100,10,0
2023-11-01,B200,113.1519715557437,980,150,0,100,100,10,0
2023-11-02,B200,160.41571117325827,980,150,0,100,100,10,0
2023-11-03,B200,137.71812943576478,980,150,1,500,100,10,0
2023-11-04,B200,82.1876482415914,980,150,0,100,100,10,0
2023-11-05,B200,88.29361499849674,980,150,0,100,100,10,0
2023-11-06,B200,135.1257249272079,980,150,0,100,100,10,0
2023-11-07,B200,148.46292816388302,980,150,1,500,100,10,0
2023-11-08,B200,116.84247842183143,980,150,0,100,100,10,0
2023-11-09,B200,110.53596233037102,980,150,0,100,100,10,0
2023-11-10,B200,116.56694794757942,980,150,0,100,100,10,0
2023-11-11,B200,92.22106219844409,980,150,0,100,100,10,0
2023-11-12,B200,112.51346382008099,980,150,0,100,100,10,0
2023-11-13,B200,115.01124516982762,980,150,0,100,100,10,0
2023-11-14,B200,108.85387549191279,980,150,0,100,100,10,0
2023-11-15,B200,136.29253610464644,980,150,0,100,100,10,0
2023-11-16,B200,103.84377200469497,980,150,0,100,100,10,0
2023-11-17,B200,122.5119080366288,980,150,0,100,100,10,0
2023-11-18,B200,70.70019470797631,980,150,0,100,100,10,0
2023-11-19,B200,105.86408893026616,980,150,1,500,100,10,0
2023-11-20,B200,115.63475245433027,980,150,0,100,100,10,0
2023-11-21,B200,113.15746335683468,980,150,0,100,100,10,0
2023-11-22,B200,144.13096877924096,980,150,1,500,100,10,0
2023-11-23,B200,135.9789729680077,980,150,0,100,100,10,0
2023-11-24,B200,137.42611244753007,980,150,0,100,100,10,0
2023-11-25,B200,110.12377926680047,980,150,0,100,100,10,0
2023-11-26,B200,88.11216007903121,980,150,0,100,100,10,0
2023-11-27,B200,122.4876251294565,980,150,0,100,100,10,0
2023-11-28,B200,157.17517676290993,980,150,0,100,100,10,0
2023-11-29,B200,167.1488406175347,980,150,0,100,100,10,0
2023-11-30,B200,142.13776635197974,980,150,0,100,100,10,0
2023-12-01,B200,109.35068999254338,980,150,0,100,100,10,0
2023-12-02,B200,105.71693391639693,980,150,0,100,100,10,0
2023-12-03,B200,111.75914946791167,980,150,0,100,100,10,0
2023-12-04,B200,128.6167102095331,980,150,0,100,100,10,0
2023-12-05,B200,146.19543612043205,980,150,0,100,100,10,0
2023-12-06,B200,172.56537972374298,980,150,1,500,100,10,0
2023-12-07,B200,111.09497864472448,980,150,0,100,100,10,0
2023-12-08,B200,118.66761275730047,980,150,0,100,100,10,0
2023-12-09,B200,126.50779045450898,980,150,0,100,100,10,0
2023-12-10,B200,134.53178642580542,980,150,0,100,100,10,0
2023-12-11,B200,134.53139939666804,980,150,0,100,100,10,0
2023-12-12,B200,157.36275482651962,980,150,0,100,100,10,0
2023-12-13,B200,166.31113845572145,980,150,1,500,100,10,0
2023-12-14,B200,116.86415516357691,980,150,0,100,100,10,0
2023-12-15,B200,142.90662537567954,980,150,0,100,100,10,0
2023-12-16,B200,164.22787391693197,980,150,0,100,100,10,0
2023-12-17,B200,92.10002751924722,980,150,0,100,100,10,0
2023-12-18,B200,159.36548541570602,980,150,0,100,100,10,0
2023-12-19,B200,143.75681450104824,980,150,0,100,100,10,0
2023-12-20,B200,123.23280388568367,980,150,0,100,100,10,0
2023-12-21,B200,103.25167709435581,980,150,0,100,100,10,0
2023-12-22,B200,131.77468383331544,980,150,1,500,100,10,0
2023-12-23,B200,106.60877544960155,980,150,0,100,100,10,0
2023-12-24,B200,122.6990736218915,980,150,0,100,100,10,0
2023-12-25,B200,152.01119124533753,980,150,0,100,100,10,0
2023-12-26,B200,156.64033474170154,980,150,0,100,100,10,0
2023-12-27,B200,143.05297866381073,980,150,0,100,100,10,0
2023-12-28,B200,140.8152273228188,980,150,0,100,100,10,0
2023-12-29,B200,133.33148329814912,980,150,0,100,100,10,0
2023-12-30,B200,125.57143007125377,980,150,0,100,100,10,0
2023-12-31,B200,137.4807383563886,980,150,1,500,100,10,0
2024-01-01,B200,120.14694548496044,980,150,0,100,100,10,0
2024-01-02,B200,142.28392254531508,980,150,0,100,100,10,0
2024-01-03,B200,155.02796446565733,980,150,0,100,100,10,0
2024-01-04,B200,118.29594090366639,980,150,0,100,100,10,0
2024-01-05,B200,133.38214149460663,980,150,0,100,100,10,0
2024-01-06,B200,122.14397116309385,980,150,0,100,100,10,0
2024-01-07,B200,122.19562921789398,980,150,0,100,100,10,0
2024-01-08,B200,152.97832498266942,980,150,0,100,100,10,0
2024-01-09,B200,176.03483605345033,980,150,0,100,100,10,0
2024-01-10,B200,107.24436130438801,980,150,0,100,100,10,0
2024-01-11,B200,177.9360266031022,980,150,0,100,100,10,0
2024-01-12,B200,176.49908324225618,980,150,0,100,100,10,0
2024-01-13,B200,139.60233760225418,980,150,0,100,100,10,0
2024-01-14,B200,128.44466119982334,980,150,0,100,100,10,0
2024-01-15,B200,136.3182507174248,980,150,0,100,100,10,0
2024-01-16,B200,162.70547738358775,980,150,0,100,100,10,0
2024-01-17,B200,152.72270939262427,980,150,0,100,100,10,0
2024-01-18,B200,143.29659603670126,980,150,0,100,100,10,0
2024-01-19,B200,163.600167029655,980,150,0,100,100,10,0
2024-01-20,B200,144.77504329076004,980,150,0,100,100,10,0
2024-01-21,B200,81.38782672186004,980,150,0,100,100,10,0
2024-01-22,B200,174.22887636830785,980,150,0,100,100,10,0
2024-01-23,B200,138.17940047786723,980,150,0,100,100,10,0
2024-01-24,B200,172.48909867673393,980,150,0,100,100,10,0
2024-01-25,B200,146.74475274732964,980,150,0,100,100,10,0
2024-01-26,B200,155.92631827266084,980,150,0,100,100,10,0
2024-01-27,B200,136.75854228509323,980,150,0,100,100,10,0
2024-01-28,B200,149.66927638948516,980,150,0,100,100,10,0
2024-01-29,B200,166.07782676069556,980,150,0,100,100,10,0
2024-01-30,B200,148.30470589080363,980,150,0,100,100,10,0
2024-01-31,B200,118.48073195688869,980,150,0,100,100,10,0
2024-02-01,B200,163.57119073413108,980,150,0,100,100,10,0
2024-02-02,B200,158.15232722928835,980,150,0,100,100,10,0
2024-02-03,B200,110.81930642770809,980,150,0,100,100,10,0
2024-02-04,B200,137.59393079061067,980,150,0,100,100,10,0
2024-02-05,B200,195.79181179071182,980,150,1,500,100,10,0
2024-02-06,B200,180.3289568346,980,150,0,100,100,10,0
2024-02-07,B200,191.154924765298,980,150,0,100,100,10,0
2024-02-08,B200,214.03034105803548,980,150,1,500,100,10,0
2024-02-09,B200,157.26541639565193,980,150,0,100,100,10,0
2024-02-10,B200,136.4299130860154,980,150,0,100,100,10,0
2024-02-11,B200,121.56252775440718,980,150,0,100,100,10,0
2024-02-12,B200,148.62428397656973,980,150,0,100,100,10,0
2024-02-13,B200,157.71945051514916,980,150,0,100,100,10,0
2024-02-14,B200,156.2877652582664,980,150,0,100,100,10,0
2024-02-15,B200,137.71680465162632,980,150,0,100,100,10,0
2024-02-16,B200,184.145829960865,980,150,0,100,100,10,0
2024-02-17,B200,163.13866580448973,980,150,0,100,100,10,0
2024-02-18,B200,160.01529919391382,980,150,0,100,100,10,0
2024-02-19,B200,188.56214807293242,980,150,0,100,100,10,0
2024-02-20,B200,201.6886055982,980,150,0,100,100,10,0
2024-02-21,B200,148.96099181314725,980,150,0,100,100,10,0
2024-02-22,B200,201.2969895956989,980,150,0,100,100,10,0
2024-02-23,B200,156.81422094660294,980,150,0,100,100,10,0
2024-02-24,B200,149.8588424714485,980,150,0,100,100,10,0
2024-02-25,B200,112.53859121391625,980,150,0,100,100,10,0
2024-02-26,B200,155.49195722050004,980,150,0,100,100,10,0
2024-02-27,B200,181.3404429893186,980,150,0,100,100,10,0
2024-02-28,B200,176.21041766925572,980,150,0,100,100,10,0
2024-02-29,B200,158.10074862946914,980,150,0,100,100,10,0
2024-03-01,B200,166.27231751523695,980,150,0,100,100,10,0
2024-03-02,B200,130.31704920482485,980,150,0,100,100,10,0
2024-03-03,B200,157.79332400727048,980,150,0,100,100,10,0
2024-03-04,B200,130.61449063583188,980,150,0,100,100,10,0
2024-03-05,B200,190.40105587578185,980,150,0,100,100,10,0
2024-03-06,B200,193.92912088199716,980,150,1,500,100,10,0
2024-03-07,B200,165.8089902931746,980,150,0,100,100,10,0
2024-03-08,B200,142.95962183705913,980,150,0,100,100,10,0
2024-03-09,B200,145.65391028169222,980,150,0,100,100,10,0
2024-03-10,B200,150.82553127690326,980,150,0,100,100,10,0
2024-03-11,B200,172.30772136804396,980,150,0,100,100,10,0
2024-03-12,B200,174.64751290567565,980,150,0,100,100,10,0
2024-03-13,B200,165.011285905844,980,150,0,100,100,10,0
2024-03-14,B200,165.5578452746457,980,150,0,100,100,10,0
2024-03-15,B200,164.90511300472787,980,150,0,100,100,10,0
2024-03-16,B200,133.70931945512274,980,150,0,100,100,10,0
2024-03-17,B200,135.80723293518335,980,150,0,100,100,10,0
2024-03-18,B200,176.0527577862035,980,150,0,100,100,10,0
2024-03-19,B200,191.29008549953915,980,150,0,100,100,10,0
2024-03-20,B200,151.77627335592223,980,150,0,100,100,10,0
2024-03-21,B200,166.28760284144786,980,150,0,100,100,10,0
2024-03-22,B200,148.5175930312044,980,150,0,100,100,10,0
2024-03-23,B200,134.58527046581645,980,150,0,100,100,10,0
2024-03-24,B200,137.30668147504002,980,150,0,100,100,10,0
2024-03-25,B200,171.18227530464998,980,150,0,100,100,10,0
2024-03-26,B200,170.7476944634118,980,150,0,100,100,10,0
2024-03-27,B200,167.99241901876744,980,150,0,100,100,10,0
2024-03-28,B200,175.26681986155387,980,150,0,100,100,10,0
2024-03-29,B200,153.77646415828016,980,150,0,100,100,10,0
2024-03-30,B200,146.28414398380053,980,150,0,100,100,10,0
2024-03-31,B200,155.7473956446791,980,150,0,100,100,10,0
2024-04-01,B200,153.59747825883298,980,150,0,100,100,10,0
2024-04-02,B200,180.99930239244696,980,150,1,500,100,10,0
2024-04-03,B200,185.57697929274585,980,150,0,100,100,10,0
2024-04-04,B200,149.31579480587772,980,150,0,100,100,10,0
2024-04-05,B200,201.10974389570757,980,150,1,500,100,10,0
2024-04-06,B200,155.1068561773531,980,150,0,100,100,10,0
2024-04-07,B200,127.43254773180148,980,150,0,100,100,10,0
2024-04-08,B200,184.04160379437414,980,150,0,100,100,10,0
2024-04-09,B200,156.5148668777012,980,150,0,100,100,10,0
2024-04-10,B200,154.43850442326178,980,150,0,100,100,10,0
2024-04-11,B200,190.3627908532238,980,150,1,500,100,10,0
2024-04-12,B200,156.4070229681297,980,150,0,100,100,10,0
2024-04-13,B200,152.1695715885907,980,150,0,100,100,10,0
2024-04-14,B200,133.36969337938942,980,150,0,100,100,10,0
2024-04-15,B200,184.79544721920826,980,150,0,100,100,10,0
2024-04-16,B200,209.48351892997184,980,150,1,500,100,10,0
2024-04-17,B200,169.06842249473692,980,150,0,100,100,10,0
2024-04-18,B200,153.05589978766446,980,150,0,100,100,10,0
2024-04-19,B200,228.6271206225594,980,150,1,500,100,10,0
2024-04-20,B200,154.54417015872713,980,150,0,100,100,10,0
2024-04-21,B200,153.8888114199578,980,150,0,100,100,10,0
2024-04-22,B200,163.49960088720343,980,150,0,100,100,10,0
2024-04-23,B200,144.9155962213087,980,150,0,100,100,10,0
2024-04-24,B200,168.82402410258794,980,150,0,100,100,10,0
2024-04-25,B200,174.68740054830766,980,150,0,100,100,10,0
2024-04-26,B200,174.66165338521014,980,150,0,100,100,10,0
2024-04-27,B200,147.27223438705158,980,150,0,100,100,10,0
2024-04-28,B200,146.36214448907452,980,150,0,100,100,10,0
2024-04-29,B200,153.4084719884311,980,150,0,100,100,10,0
2024-04-30,B200,195.05761982640038,980,150,1,500,100,10,0
2024-05-01,B200,145.28946560022837,980,150,0,100,100,10,0
2024-05-02,B200,181.8455971758082,980,150,0,100,100,10,0
2024-05-03,B200,196.82170085922465,980,150,0,100,100,10,0
2024-05-04,B200,189.84785192787956,980,150,0,100,100,10,0
2024-05-05,B200,177.646131092577,980,150,1,500,100,10,0
2024-05-06,B200,169.14229690011084,980,150,0,100,100,10,0
2024-05-07,B200,160.692585437174,980,150,0,100,100,10,0
2024-05-08,B200,166.3365525798836,980,150,0,100,100,10,0
2024-05-09,B200,146.75354258259443,980,150,0,100,100,10,0
2024-05-10,B200,159.4723883289982,980,150,0,100,100,10,0
2024-05-11,B200,124.1596450354396,980,150,0,100,100,10,0
2024-05-12,B200,132.51158660954354,980,150,0,100,100,10,0
2024-05-13,B200,149.05374487492827,980,150,0,100,100,10,0
2024-05-14,B200,169.6420520616747,980,150,0,100,100,10,0
2024-05-15,B200,171.49329703392146,980,150,0,100,100,10,0
2024-05-16,B200,165.5077430069992,980,150,0,100,100,10,0
2024-05-17,B200,149.03465674441316,980,150,0,100,100,10,0
2024-05-18,B200,115.26600439110209,980,150,0,100,100,10,0
2024-05-19,B200,146.49778784752723,980,150,0,100,100,10,0
2024-05-20,B200,159.03995564275044,980,150,0,100,100,10,0
2024-05-21,B200,128.423760573331,980,150,0,100,100,10,0
2024-05-22,B200,160.61763169164684,980,150,0,100,100,10,0
2024-05-23,B200,163.64978539069457,980,150,0,100,100,10,0
2024-05-24,B200,131.71659205137559,980,150,0,100,100,10,0
2024-05-25,B200,142.51300120151356,980,150,0,100,100,10,0
2024-05-26,B200,142.88047107116603,980,150,1,500,100,10,0
2024-05-27,B200,143.5585820105882,980,150,0,100,100,10,0
2024-05-28,B200,132.42546168199607,980,150,0,100,100,10,0
2024-05-29,B200,141.0955269080814,980,150,0,100,100,10,0
2024-05-30,B200,134.65840937923065,980,150,0,100,100,10,0
2024-05-31,B200,171.86182746500302,980,150,0,100,100,10,0
2024-06-01,B200,127.14247332022994,980,150,0,100,100,10,0
2024-06-02,B200,123.2247602229014,980,150,0,100,100,10,0
2024-06-03,B200,172.3576082104278,980,150,0,100,100,10,0
2024-06-04,B200,170.93622467853157,980,150,0,100,100,10,0
2024-06-05,B200,146.18708416043265,980,150,0,100,100,10,0
2024-06-06,B200,194.77043324665968,980,150,1,500,100,10,0
2024-06-07,B200,141.85652504928532,980,150,0,100,100,10,0
2024-06-08,B200,126.99751426328628,980,150,0,100,100,10,0
2024-06-09,B200,110.427851910431,980,150,0,100,100,10,0
2024-06-10,B200,157.56160236562275,980,150,0,100,100,10,0
2024-06-11,B200,169.57300984651962,980,150,0,100,100,10,0
2024-06-12,B200,165.64917606884072,980,150,0,100,100,10,0
2024-06-13,B200,149.79416609710765,980,150,0,100,100,10,0
2024-06-14,B200,116.91779097547932,980,150,0,100,100,10,0
2024-06-15,B200,146.70525610730698,980,150,1,500,100,10,0
2024-06-16,B200,123.87062315290589,980,150,0,100,100,10,0
2024-06-17,B200,124.69626034667743,980,150,0,100,100,10,0
2024-06-18,B200,158.13537924103147,980,150,1,500,100,10,0
2024-06-19,B200,207.3185054772273,980,150,1,500,100,10,0
2024-06-20,B200,195.9735805100694,980,150,1,500,100,10,0
2024-06-21,B200,153.78423487188076,980,150,0,100,100,10,0
2024-06-22,B200,134.97181946194698,980,150,0,100,100,10,0
2024-06-23,B200,133.29431074548492,980,150,1,500,100,10,0
2024-06-24,B200,128.8589020825416,980,150,0,100,100,10,0
2024-06-25,B200,147.0436915942271,980,150,0,100,100,10,0
2024-06-26,B200,147.8862365556726,980,150,0,100,100,10,0
2024-06-27,B200,119.06714209535305,980,150,0,100,100,10,0
2024-06-28,B200,144.385969399989,980,150,0,100,100,10,0
2024-06-29,B200,118.91370380376082,980,150,0,100,100,10,0
2024-06-30,B200,135.48685976564082,980,150,0,100,100,10,0
2024-07-01,B200,145.5650338871262,980,150,0,100,100,10,0
2024-07-02,B200,166.96203716905953,980,150,0,100,100,10,0
2024-07-03,B200,133.18753716780395,980,150,0,100,100,10,0
2024-07-04,B200,120.02662096373327,980,150,0,100,100,10,0
2024-07-05,B200,164.9747878818406,980,150,0,100,100,10,0
2024-07-06,B200,123.44091361778267,980,150,0,100,100,10,0
2024-07-07,B200,115.7411801380105,980,150,0,100,100,10,0
2024-07-08,B200,122.70646140802239,980,150,0,100,100,10,0
2024-07-09,B200,130.49907829318897,980,150,0,100,100,10,0
2024-07-10,B200,129.1670724548838,980,150,0,100,100,10,0
2024-07-11,B200,116.01181162947009,980,150,0,100,100,10,0
2024-07-12,B200,99.10875497108194,980,150,0,100,100,10,0
2024-07-13,B200,107.25634007147609,980,150,0,100,100,10,0
2024-07-14,B200,126.48476830526681,980,150,0,100,100,10,0
2024-07-15,B200,155.062205686418,980,150,0,100,100,10,0
2024-07-16,B200,149.63327354441893,980,150,0,100,100,10,0
2024-07-17,B200,150.24731567089202,980,150,0,100,100,10,0
2024-07-18,B200,114.47620334215623,980,150,0,100,100,10,0
2024-07-19,B200,135.9553871084815,980,150,0,100,100,10,0
2024-07-20,B200,120.52000311521557,980,150,0,100,100,10,0
2024-07-21,B200,148.95709171665428,980,150,1,500,100,10,0
2024-07-22,B200,128.91128191443084,980,150,0,100,100,10,0
2024-07-23,B200,132.0327147656031,980,150,0,100,100,10,0
2024-07-24,B200,163.68020634218232,980,150,0,100,100,10,0
2024-07-25,B200,144.99700556698707,980,150,0,100,100,10,0
2024-07-26,B200,136.8302439861848,980,150,0,100,100,10,0
2024-07-27,B200,120.39575324090582,980,150,0,100,100,10,0
2024-07-28,B200,100.7443190606189,980,150,0,100,100,10,0
2024-07-29,B200,137.74888946907495,980,150,0,100,100,10,0
2024-07-30,B200,128.76767494207698,980,150,0,100,100,10,0
2024-07-31,B200,140.52701153495062,980,150,0,100,100,10,0
2024-08-01,B200,145.75754732662,980,150,1,500,100,10,0
2024-08-02,B200,138.20109464531973,980,150,0,100,100,10,0
2024-08-03,B200,100.8131091218752,980,150,0,100,100,10,0
2024-08-04,B200,118.81659043673294,980,150,0,100,100,10,0
2024-08-05,B200,128.76295402327221,980,150,0,100,100,10,0
2024-08-06,B200,124.67801756534715,980,150,0,100,100,10,0
2024-08-07,B200,118.82331646795677,980,150,0,100,100,10,0
2024-08-08,B200,122.24695346329467,980,150,0,100,100,10,0
2024-08-09,B200,115.77393247095232,980,150,0,100,100,10,0
2024-08-10,B200,99.04007716072067,980,150,0,100,100,10,0
2024-08-11,B200,137.5167413902909,980,150,1,500,100,10,0
2024-08-12,B200,93.9984028415123,980,150,0,100,100,10,0
2024-08-13,B200,133.83014848881547,980,150,0,100,100,10,0
2024-08-14,B200,133.78191980292823,980,150,0,100,100,10,0
2024-08-15,B200,116.39326296905787,980,150,0,100,100,10,0
2024-08-16,B200,122.94126098440177,980,150,0,100,100,10,0
2024-08-17,B200,86.27428257717033,980,150,0,100,100,10,0
2024-08-18,B200,108.46388766665596,980,150,0,100,100,10,0
2024-08-19,B200,105.43973570573452,980,150,0,100,100,10,0
2024-08-20,B200,73.23666956387171,980,150,0,100,100,10,0
2024-08-21,B200,139.51760489076935,980,150,0,100,100,10,0
2024-08-22,B200,100.9208333956652,980,150,0,100,100,10,0
2024-08-23,B200,116.81419152497472,980,150,0,100,100,10,0
2024-08-24,B200,103.46568134109089,980,150,0,100,100,10,0
2024-08-25,B200,107.76457409124798,980,150,0,100,100,10,0
2024-08-26,B200,117.41068748206568,980,150,0,100,100,10,0
2024-08-27,B200,121.72974820852285,980,150,0,100,100,10,0
2024-08-28,B200,112.08885060681997,980,150,0,100,100,10,0
2024-08-29,B200,91.30347800430981,980,150,0,100,100,10,0
2024-08-30,B200,115.73349909070306,980,150,0,100,100,10,0
2024-08-31,B200,133.36231624624514,980,150,1,500,100,10,0
2024-09-01,B200,81.87621386267242,980,150,0,100,100,10,0
2024-09-02,B200,118.96625548379427,980,150,0,100,100,10,0
2024-09-03,B200,146.50958678214397,980,150,0,100,100,10,0
2024-09-04,B200,113.50679484523613,980,150,0,100,100,10,0
2024-09-05,B200,114.14362411521212,980,150,0,100,100,10,0
2024-09-06,B200,88.31303760997503,980,150,0,100,100,10,0
2024-09-07,B200,78.99064208978098,980,150,0,100,100,10,0
2024-09-08,B200,83.50730787908932,980,150,0,100,100,10,0
2024-09-09,B200,123.6042368355417,980,150,0,100,100,10,0
2024-09-10,B200,98.44557778025639,980,150,0,100,100,10,0
2024-09-11,B200,82.25420317768064,980,150,0,100,100,10,0
2024-09-12,B200,120.02535574972757,980,150,0,100,100,10,0
2024-09-13,B200,101.20094307561125,980,150,0,100,100,10,0
2024-09-14,B200,70.62525872032934,980,150,0,100,100,10,0
2024-09-15,B200,107.90375117353031,980,150,0,100,100,10,0
2024-09-16,B200,106.64060045920377,980,150,0,100,100,10,0
2024-09-17,B200,120.98023853533613,980,150,0,100,100,10,0
2024-09-18,B200,86.6207149895061,980,150,0,100,100,10,0
2024-09-19,B200,103.73860492878457,980,150,1,500,100,10,0
2024-09-20,B200,114.58221509967592,980,150,0,100,100,10,0
2024-09-21,B200,76.90270790898384,980,150,0,100,100,10,0
2024-09-22,B200,97.35572999228604,980,150,0,100,100,10,0
2024-09-23,B200,114.49407637561387,980,150,0,100,100,10,0
2024-09-24,B200,112.2802271393589,980,150,0,100,100,10,0
2024-09-25,B200,129.9813840620284,980,150,0,100,100,10,0
2024-09-26,B200,159.34692421898825,980,150,0,100,100,10,0
2024-09-27,B200,118.43367277342179,980,150,0,100,100,10,0
2024-09-28,B200,126.74911089878233,980,150,0,100,100,10,0
2024-09-29,B200,68.23815454372183,980,150,0,100,100,10,0
2024-09-30,B200,106.27295364863231,980,150,0,100,100,10,0
2024-10-01,B200,90.51321011389257,980,150,0,100,100,10,0
2024-10-02,B200,101.07453370295322,980,150,0,100,100,10,0
2024-10-03,B200,107.26598385158759,980,150,0,100,100,10,0
2024-10-04,B200,145.37031970463778,980,150,0,100,100,10,0
2024-10-05,B200,96.36502041808131,980,150,0,100,100,10,0
2024-10-06,B200,113.91021688134572,980,150,0,100,100,10,0
2024-10-07,B200,105.12792441978598,980,150,0,100,100,10,0
2024-10-08,B200,103.22545023769312,980,150,0,100,100,10,0
2024-10-09,B200,113.85843578338883,980,150,1,500,100,10,0
2024-10-10,B200,145.02500576725336,980,150,0,100,100,10,0
2024-10-11,B200,137.06370468956862,980,150,0,100,100,10,0
2024-10-12,B200,99.68080233506493,980,150,0,100,100,10,0
2024-10-13,B200,91.97188247630302,980,150,0,100,100,10,0
2024-10-14,B200,114.52587880665668,980,150,0,100,100,10,0
2024-10-15,B200,90.84220673576303,980,150,0,100,100,10,0
2024-10-16,B200,121.31851148103705,980,150,0,100,100,10,0
2024-10-17,B200,136.08679008615084,980,150,0,100,100,10,0
2024-10-18,B200,137.21488225686528,980,150,0,100,100,10,0
2024-10-19,B200,70.50716966323287,980,150,0,100,100,10,0
2024-10-20,B200,115.00817600619575,980,150,0,100,100,10,0
2024-10-21,B200,91.82510635803823,980,150,0,100,100,10,0
2024-10-22,B200,78.08248593868353,980,150,0,100,100,10,0
2024-10-23,B200,133.29245843230728,980,150,0,100,100,10,0
2024-10-24,B200,105.982564717268,980,150,0,100,100,10,0
2024-10-25,B200,130.93806279342434,980,150,0,100,100,10,0
2024-10-26,B200,112.24113781272277,980,150,0,100,100,10,0
2024-10-27,B200,110.04568309313949,980,150,0,100,100,10,0
2024-10-28,B200,116.70345348129229,980,150,0,100,100,10,0
2024-10-29,B200,95.0591686092811,980,150,0,100,100,10,0
2024-10-30,B200,110.92363784267906,980,150,0,100,100,10,0
2024-10-31,B200,140.10886015146832,980,150,0,100,100,10,0
2024-11-01,B200,133.01046818583103,980,150,0,100,100,10,0
2024-11-02,B200,119.79517412172686,980,150,1,500,100,10,0
2024-11-03,B200,95.07897496059987,980,150,0,100,100,10,0
2024-11-04,B200,127.62284550411084,980,150,0,100,100,10,0
2024-11-05,B200,119.93091490370784,980,150,0,100,100,10,0
2024-11-06,B200,114.4559844606659,980,150,0,100,100,10,0
2024-11-07,B200,126.96145332355248,980,150,0,100,100,10,0
2024-11-08,B200,126.66717749728909,980,150,0,100,100,10,0
2024-11-09,B200,90.1213238826431,980,150,0,100,100,10,0
2024-11-10,B200,106.88836750289784,980,150,0,100,100,10,0
2024-11-11,B200,126.51615972505768,980,150,0,100,100,10,0
2024-11-12,B200,119.54892015102291,980,150,0,100,100,10,0
2024-11-13,B200,107.44592434801025,980,150,0,100,100,10,0
2024-11-14,B200,144.75367022618963,980,150,1,500,100,10,0
2024-11-15,B200,104.87620071168023,980,150,0,100,100,10,0
2024-11-16,B200,109.04620677399092,980,150,0,100,100,10,0
2024-11-17,B200,77.0037359568021,980,150,0,100,100,10,0
2024-11-18,B200,147.62239672272494,980,150,0,100,100,10,0
2024-11-19,B200,143.714742374997,980,150,0,100,100,10,0
2024-11-20,B200,130.04224283492042,980,150,0,100,100,10,0
2024-11-21,B200,138.24899492430367,980,150,0,100,100,10,0
2024-11-22,B200,137.37711669828832,980,150,0,100,100,10,0
2024-11-23,B200,107.74609547144338,980,150,0,100,100,10,0
2024-11-24,B200,102.51419458491218,980,150,0,100,100,10,0
2024-11-25,B200,119.5672995236085,980,150,0,100,100,10,0
2024-11-26,B200,151.41302560160923,980,150,0,100,100,10,0
2024-11-27,B200,112.06111562428934,980,150,0,100,100,10,0
2024-11-28,B200,112.7738621623251,980,150,0,100,100,10,0
2024-11-29,B200,174.44606737460157,980,150,1,500,100,10,0
2024-11-30,B200,122.73772228104878,980,150,0,100,100,10,0
2024-12-01,B200,103.96951788831392,980,150,0,100,100,10,0
2024-12-02,B200,168.41686767079338,980,150,1,500,100,10,0
2024-12-03,B200,139.4077881116803,980,150,0,100,100,10,0
2024-12-04,B200,106.67983648488838,980,150,0,100,100,10,0
2024-12-05,B200,151.4222192207116,980,150,0,100,100,10,0
2024-12-06,B200,140.70684746004463,980,150,0,100,100,10,0
2024-12-07,B200,117.97499619248313,980,150,0,100,100,10,0
2024-12-08,B200,122.30315252932344,980,150,0,100,100,10,0
2024-12-09,B200,136.0938160955424,980,150,0,100,100,10,0
2024-12-10,B200,129.68615244335206,980,150,0,100,100,10,0
2024-12-11,B200,131.73521718417803,980,150,1,500,100,10,0
2024-12-12,B200,134.47893829790164,980,150,0,100,100,10,0
2024-12-13,B200,109.34189859804921,980,150,0,100,100,10,0
2024-12-14,B200,146.94962949855858,980,150,0,100,100,10,0
2024-12-15,B200,111.79177190711546,980,150,0,100,100,10,0
2024-12-16,B200,167.348030366821,980,150,0,100,100,10,0
2024-12-17,B200,137.08689545007306,980,150,0,100,100,10,0
2024-12-18,B200,124.95346253170612,980,150,0,100,100,10,0
2024-12-19,B200,157.25002831241312,980,150,0,100,100,10,0
2024-12-20,B200,142.6172354032089,980,150,0,100,100,10,0
2024-12-21,B200,185.91407265444224,980,150,1,500,100,10,0
2024-12-22,B200,106.03854782778339,980,150,0,100,100,10,0
2024-12-23,B200,159.97129222779728,980,150,0,100,100,10,0
2024-12-24,B200,177.61450532037816,980,150,0,100,100,10,0
2024-12-25,B200,161.97194944607938,980,150,0,100,100,10,0
2024-12-26,B200,151.49721837233298,980,150,0,100,100,10,0
2024-12-27,B200,163.09916942742655,980,150,0,100,100,10,0
2024-12-28,B200,117.4253516093902,980,150,0,100,100,10,0
2024-12-29,B200,105.62794627125885,980,150,0,100,100,10,0
2024-12-30,B200,167.06360974648896,980,150,1,500,100,10,0
2024-12-31,B200,142.59223089394254,980,150,0,100,100,10,0
2025-01-01,B200,154.95918681432786,980,150,0,100,100,10,0
2025-01-02,B200,129.18056398114848,980,150,0,100,100,10,0
2025-01-03,B200,136.98328229857225,980,150,0,100,100,10,0
2025-01-04,B200,110.09308106950581,980,150,0,100,100,10,0
2025-01-05,B200,138.7194233666186,980,150,0,100,100,10,0
2025-01-06,B200,176.85630898754744,980,150,0,100,100,10,0
2025-01-07,B200,127.80542154721755,980,150,0,100,100,10,0
2025-01-08,B200,154.43863407123794,980,150,0,100,100,10,0
2025-01-09,B200,164.31980473673633,980,150,0,100,100,10,0
2025-01-10,B200,142.65510207813278,980,150,0,100,100,10,0
2025-01-11,B200,101.7922243189784,980,150,0,100,100,10,0
2025-01-12,B200,146.32936840480463,980,150,0,100,100,10,0
2025-01-13,B200,123.59579010378572,980,150,0,100,100,10,0
2025-01-14,B200,174.64658989240507,980,150,0,100,100,10,0
2025-01-15,B200,136.26861611166726,980,150,0,100,100,10,0
2025-01-16,B200,122.7909784046606,980,150,0,100,100,10,0
2025-01-17,B200,141.46884858842117,980,150,0,100,100,10,0
2025-01-18,B200,127.12006655071298,980,150,0,100,100,10,0
2025-01-19,B200,130.95363975353328,980,150,0,100,100,10,0
2025-01-20,B200,161.52519311009723,980,150,0,100,100,10,0
2025-01-21,B200,155.741750012344,980,150,0,100,100,10,0
2025-01-22,B200,182.5248459549508,980,150,0,100,100,10,0
2025-01-23,B200,150.8639424560862,980,150,0,100,100,10,0
2025-01-24,B200,157.99541624870122,980,150,0,100,100,10,0
2025-01-25,B200,134.21057390952882,980,150,0,100,100,10,0
2025-01-26,B200,102.71668347783199,980,150,0,100,100,10,0
2025-01-27,B200,134.05296070851443,980,150,0,100,100,10,0
2025-01-28,B200,155.27069361947142,980,150,0,100,100,10,0
2025-01-29,B200,162.24467407448853,980,150,0,100,100,10,0
2025-01-30,B200,121.3496124151604,980,150,0,100,100,10,0
2025-01-31,B200,187.38914040072,980,150,0,100,100,10,0
2025-02-01,B200,141.71177374280575,980,150,0,100,100,10,0
2025-02-02,B200,133.1352235861217,980,150,0,100,100,10,0
2025-02-03,B200,164.89272899449583,980,150,0,100,100,10,0
2025-02-04,B200,148.32686592905756,980,150,0,100,100,10,0
2025-02-05,B200,160.7513444965289,980,150,0,100,100,10,0
2025-02-06,B200,163.82421389200962,980,150,0,100,100,10,0
2025-02-07,B200,179.71025885822095,980,150,0,100,100,10,0
2025-02-08,B200,165.8069823833785,980,150,1,500,100,10,0
2025-02-09,B200,111.90021440986142,980,150,0,100,100,10,0
2025-02-10,B200,144.88342852762364,980,150,0,100,100,10,0
2025-02-11,B200,155.73244930754632,980,150,0,100,100,10,0
2025-02-12,B200,138.26423018586175,980,150,0,100,100,10,0
2025-02-13,B200,144.24923261117414,980,150,0,100,100,10,0
2025-02-14,B200,146.45021117656586,980,150,0,100,100,10,0
2025-02-15,B200,132.0286512966548,980,150,0,100,100,10,0
2025-02-16,B200,146.24232014035024,980,150,0,100,100,10,0
2025-02-17,B200,155.90627956564185,980,150,0,100,100,10,0
2025-02-18,B200,172.13019097867576,980,150,0,100,100,10,0
2025-02-19,B200,162.57601620035047,980,150,0,100,100,10,0
2025-02-20,B200,147.07338893408567,980,150,0,100,100,10,0
2025-02-21,B200,169.31257727841773,980,150,0,100,100,10,0
2025-02-22,B200,142.5337619050836,980,150,0,100,100,10,0
2025-02-23,B200,149.76305164310583,980,150,0,100,100,10,0
2025-02-24,B200,178.02111726540264,980,150,0,100,100,10,0
2025-02-25,B200,186.2922811612294,980,150,0,100,100,10,0
2025-02-26,B200,214.7018156235298,980,150,1,500,100,10,0
2025-02-27,B200,167.67665863475386,980,150,0,100,100,10,0
2025-02-28,B200,175.56730750967455,980,150,0,100,100,10,0
2025-03-01,B200,133.13339899787363,980,150,0,100,100,10,0
2025-03-02,B200,132.14069710325876,980,150,0,100,100,10,0
2025-03-03,B200,231.59061598244574,980,150,1,500,100,10,0
2025-03-04,B200,156.77961777358107,980,150,0,100,100,10,0
2025-03-05,B200,152.2380484820031,980,150,0,100,100,10,0
2025-03-06,B200,175.7946123102451,980,150,0,100,100,10,0
2025-03-07,B200,159.22700628540957,980,150,0,100,100,10,0
2025-03-08,B200,155.86861642401004,980,150,0,100,100,10,0
2025-03-09,B200,162.74070827338323,980,150,0,100,100,10,0
2025-03-10,B200,196.83881054103765,980,150,1,500,100,10,0
2025-03-11,B200,178.86982253502975,980,150,0,100,100,10,0
2025-03-12,B200,157.9629845997515,980,150,0,100,100,10,0
2025-03-13,B200,164.0360203809603,980,150,0,100,100,10,0
2025-03-14,B200,173.29226134749118,980,150,0,100,100,10,0
2025-03-15,B200,134.29106795014837,980,150,0,100,100,10,0
2025-03-16,B200,146.96028428153812,980,150,0,100,100,10,0
2025-03-17,B200,165.94143334112545,980,150,0,100,100,10,0
2025-03-18,B200,182.69055602081673,980,150,0,100,100,10,0
2025-03-19,B200,182.8517516644873,980,150,0,100,100,10,0
2025-03-20,B200,159.99129934125884,980,150,0,100,100,10,0
2025-03-21,B200,174.53357334776402,980,150,0,100,100,10,0
2025-03-22,B200,160.74640855020488,980,150,0,100,100,10,0
2025-03-23,B200,127.26721794166966,980,150,0,100,100,10,0
2025-03-24,B200,166.51861547034616,980,150,0,100,100,10,0
2025-03-25,B200,174.08057578923993,980,150,0,100,100,10,0
2025-03-26,B200,151.95476614019003,980,150,0,100,100,10,0
2025-03-27,B200,198.5411244374412,980,150,0,100,100,10,0
2025-03-28,B200,162.38920876163243,980,150,0,100,100,10,0
2025-03-29,B200,208.37632535076784,980,150,1,500,100,10,0
2025-03-30,B200,170.4648118810632,980,150,1,500,100,10,0
2025-03-31,B200,161.69640569772534,980,150,0,100,100,10,0
2025-04-01,B200,143.18359360433132,980,150,0,100,100,10,0
2025-04-02,B200,178.41536640579727,980,150,0,100,100,10,0
2025-04-03,B200,150.25691567528526,980,150,0,100,100,10,0
2025-04-04,B200,167.13167181851924,980,150,0,100,100,10,0
2025-04-05,B200,130.1731383842318,980,150,0,100,100,10,0
2025-04-06,B200,147.7813666730408,980,150,0,100,100,10,0
2025-04-07,B200,123.76362858483813,980,150,0,100,100,10,0
2025-04-08,B200,170.48773840390032,980,150,0,100,100,10,0
2025-04-09,B200,174.53224018425328,980,150,0,100,100,10,0
2025-04-10,B200,162.56612368148723,980,150,0,100,100,10,0
2025-04-11,B200,163.48766992600824,980,150,0,100,100,10,0
2025-04-12,B200,135.2782196186913,980,150,0,100,100,10,0
2025-04-13,B200,141.26543817946316,980,150,0,100,100,10,0
2025-04-14,B200,193.549640732325,980,150,0,100,100,10,0
2025-04-15,B200,183.33536339240007,980,150,0,100,100,10,0
2025-04-16,B200,166.03994935142393,980,150,0,100,100,10,0
2025-04-17,B200,161.45850615741844,980,150,0,100,100,10,0
2025-04-18,B200,181.20543857864595,980,150,0,100,100,10,0
2025-04-19,B200,145.6596510054304,980,150,0,100,100,10,0
2025-04-20,B200,125.32693759736681,980,150,0,100,100,10,0
2025-04-21,B200,163.42202886193442,980,150,0,100,100,10,0
2025-04-22,B200,190.28804025890278,980,150,0,100,100,10,0
2025-04-23,B200,175.7868836228654,980,150,0,100,100,10,0
2025-04-24,B200,160.54076415950797,980,150,0,100,100,10,0
2025-04-25,B200,142.47739929094732,980,150,0,100,100,10,0
2025-04-26,B200,145.65916921523336,980,150,0,100,100,10,0
2025-04-27,B200,141.95870368364078,980,150,0,100,100,10,0
2025-04-28,B200,163.52181996135397,980,150,0,100,100,10,0
2025-04-29,B200,179.43858208696884,980,150,0,100,100,10,0
2025-04-30,B200,215.75448941748851,980,150,1,500,100,10,0
2025-05-01,B200,141.68334726215167,980,150,0,100,100,10,0
2025-05-02,B200,165.72592294515744,980,150,0,100,100,10,0
2025-05-03,B200,120.0448972233856,980,150,0,100,100,10,0
2025-05-04,B200,132.27817817996885,980,150,0,100,100,10,0
2025-05-05,B200,143.02209369418193,980,150,0,100,100,10,0
2025-05-06,B200,143.2741486122837,980,150,0,100,100,10,0
2025-05-07,B200,174.78429518631643,980,150,1,500,100,10,0
2025-05-08,B200,169.61821033140052,980,150,0,100,100,10,0
2025-05-09,B200,167.61156760479312,980,150,0,100,100,10,0
2025-05-10,B200,138.01561822096855,980,150,0,100,100,10,0
2025-05-11,B200,129.23111454238463,980,150,0,100,100,10,0
2025-05-12,B200,139.934631473504,980,150,0,100,100,10,0
2025-05-13,B200,154.31970063784536,980,150,0,100,100,10,0
2025-05-14,B200,166.15237271138795,980,150,0,100,100,10,0
2025-05-15,B200,165.43728065167923,980,150,0,100,100,10,0
2025-05-16,B200,183.75731352940664,980,150,0,100,100,10,0
2025-05-17,B200,190.5362676307356,980,150,1,500,100,10,0
2025-05-18,B200,170.3531581538411,980,150,1,500,100,10,0
2025-05-19,B200,152.14665209642672,980,150,0,100,100,10,0
2025-05-20,B200,146.54571279961124,980,150,0,100,100,10,0
2025-05-21,B200,134.6324050961777,980,150,0,100,100,10,0
2025-05-22,B200,140.2668019844677,980,150,0,100,100,10,0
2025-05-23,B200,130.78724320973916,980,150,0,100,100,10,0
2025-05-24,B200,163.76268086838917,980,150,0,100,100,10,0
2025-05-25,B200,138.74468419022264,980,150,0,100,100,10,0
2025-05-26,B200,167.62736942282982,980,150,0,100,100,10,0
2025-05-27,B200,152.22351627762393,980,150,0,100,100,10,0
2025-05-28,B200,196.80708156408772,980,150,0,100,100,10,0
2025-05-29,B200,137.70419996330764,980,150,0,100,100,10,0
2025-05-30,B200,129.75846387878394,980,150,0,100,100,10,0
2025-05-31,B200,172.01565988222865,980,150,0,100,100,10,0
2025-06-01,B200,108.78331026376136,980,150,0,100,100,10,0
2025-06-02,B200,149.5586936012134,980,150,0,100,100,10,0
2025-06-03,B200,142.29548293716533,980,150,0,100,100,10,0
2025-06-04,B200,159.4497873293792,980,150,0,100,100,10,0
2025-06-05,B200,147.06981040600743,980,150,0,100,100,10,0
2025-06-06,B200,163.13287037247073,980,150,0,100,100,10,0
2025-06-07,B200,143.70748577877353,980,150,0,100,100,10,0
2025-06-08,B200,104.52281781261343,980,150,0,100,100,10,0
2025-06-09,B200,137.9315955494464,980,150,0,100,100,10,0
2025-06-10,B200,162.86571498591988,980,150,0,100,100,10,0
2025-06-11,B200,168.19357008875298,980,150,0,100,100,10,0
2025-06-12,B200,152.77950735391983,980,150,0,100,100,10,0
2025-06-13,B200,156.70978468795946,980,150,0,100,100,10,0
2025-06-14,B200,150.97754882329204,980,150,0,100,100,10,0
2025-06-15,B200,120.60124020920858,980,150,0,100,100,10,0
2025-06-16,B200,150.757661987261,980,150,0,100,100,10,0
2025-06-17,B200,167.75276374245894,980,150,0,100,100,10,0
2025-06-18,B200,168.47578435175527,980,150,0,100,100,10,0
2025-06-19,B200,145.10174812453548,980,150,0,100,100,10,0
2025-06-20,B200,133.34863694420136,980,150,0,100,100,10,0
2025-06-21,B200,122.21384671550356,980,150,0,100,100,10,0
2025-06-22,B200,123.35882825612421,980,150,0,100,100,10,0
2025-06-23,B200,131.3733785913803,980,150,0,100,100,10,0
2025-06-24,B200,133.09591296111864,980,150,0,100,100,10,0
2025-06-25,B200,165.1841771018485,980,150,0,100,100,10,0
2025-06-26,B200,151.3905955849809,980,150,0,100,100,10,0
2025-06-27,B200,138.20225050390715,980,150,0,100,100,10,0
2025-06-28,B200,103.77098902895167,980,150,0,100,100,10,0
2025-06-29,B200,109.69104218902905,980,150,0,100,100,10,0
2025-06-30,B200,114.51236235920099,980,150,0,100,100,10,0
2025-07-01,B200,144.24224237638836,980,150,0,100,100,10,0
2025-07-02,B200,128.59129121409404,980,150,0,100,100,10,0
2025-07-03,B200,144.59133976895018,980,150,0,100,100,10,0
2025-07-04,B200,151.36116132778227,980,150,0,100,100,10,0
2025-07-05,B200,123.11949784929371,980,150,0,100,100,10,0
2025-07-06,B200,111.20398225761255,980,150,0,100,100,10,0
2025-07-07,B200,123.87530397575183,980,150,0,100,100,10,0
2025-07-08,B200,118.05279286901589,980,150,0,100,100,10,0
2025-07-09,B200,156.56056932749863,980,150,0,100,100,10,0
2025-07-10,B200,140.7417882649792,980,150,0,100,100,10,0
2025-07-11,B200,130.38122027956226,980,150,0,100,100,10,0
2025-07-12,B200,124.88665314593679,980,150,0,100,100,10,0
2025-07-13,B200,131.36843191313733,980,150,0,100,100,10,0
2025-07-14,B200,123.17093652250581,980,150,0,100,100,10,0
2025-07-15,B200,137.86821817875932,980,150,0,100,100,10,0
2025-07-16,B200,137.73817268469622,980,150,0,100,100,10,0
2025-07-17,B200,156.70082604319066,980,150,0,100,100,10,0
2025-07-18,B200,126.8737232088754,980,150,0,100,100,10,0
2025-07-19,B200,97.9130911703226,980,150,0,100,100,10,0
2025-07-20,B200,117.6764929227768,980,150,0,100,100,10,0
2025-07-21,B200,142.38033245913107,980,150,0,100,100,10,0
2025-07-22,B200,133.25777744485123,980,150,0,100,100,10,0
2025-07-23,B200,155.28127890534347,980,150,0,100,100,10,0
2025-07-24,B200,124.09436807830009,980,150,0,100,100,10,0
2025-07-25,B200,132.3243799640631,980,150,0,100,100,10,0
2025-07-26,B200,86.5194407527917,980,150,0,100,100,10,0
2025-07-27,B200,94.02966797037104,980,150,0,100,100,10,0
2025-07-28,B200,116.91116832091141,980,150,0,100,100,10,0
2025-07-29,B200,124.45830376486677,980,150,0,100,100,10,0
2025-07-30,B200,106.3006773630763,980,150,0,100,100,10,0
2025-07-31,B200,136.311450111422,980,150,0,100,100,10,0
2025-08-01,B200,113.85323881116423,980,150,0,100,100,10,0
2025-08-02,B200,143.70980010734158,980,150,0,100,100,10,0
2025-08-03,B200,94.7742236899358,980,150,0,100,100,10,0
2025-08-04,B200,126.3416286953147,980,150,0,100,100,10,0
2025-08-05,B200,154.96184571848713,980,150,1,500,100,10,0
2025-08-06,B200,107.82114122208029,980,150,0,100,100,10,0
2025-08-07,B200,120.82401738901723,980,150,0,100,100,10,0
2025-08-08,B200,120.2387299913657,980,150,0,100,100,10,0
2025-08-09,B200,119.34727620367796,980,150,0,100,100,10,0
2025-08-10,B200,110.7888384721124,980,150,0,100,100,10,0
2025-08-11,B200,131.6901411267327,980,150,0,100,100,10,0
2025-08-12,B200,136.25724222826693,980,150,0,100,100,10,0
2025-08-13,B200,131.2402705002959,980,150,0,100,100,10,0
2025-08-14,B200,155.35626210982883,980,150,1,500,100,10,0
2025-08-15,B200,139.8478539667038,980,150,1,500,100,10,0
2025-08-16,B200,105.30052518756557,980,150,0,100,100,10,0
2025-08-17,B200,88.11908149943731,980,150,0,100,100,10,0
2025-08-18,B200,118.04517927261655,980,150,0,100,100,10,0
2025-08-19,B200,115.60783759976695,980,150,0,100,100,10,0
2025-08-20,B200,116.2828794654027,980,150,0,100,100,10,0
2025-08-21,B200,98.23539517415472,980,150,0,100,100,10,0
2025-08-22,B200,74.46723747225832,980,150,0,100,100,10,0
2025-08-23,B200,93.69556345362967,980,150,0,100,100,10,0
2025-08-24,B200,118.6999428691621,980,150,0,100,100,10,0
2025-08-25,B200,118.77287232865704,980,150,0,100,100,10,0
2025-08-26,B200,134.4223388675451,980,150,0,100,100,10,0
2025-08-27,B200,103.1596409809158,980,150,0,100,100,10,0
2025-08-28,B200,109.22355304390983,980,150,0,100,100,10,0
2025-08-29,B200,154.62145873150433,980,150,0,100,100,10,0
2025-08-30,B200,85.84451336786576,980,150,0,100,100,10,0
2025-08-31,B200,107.76455322754616,980,150,0,100,100,10,0
2025-09-01,B200,124.87756788008224,980,150,0,100,100,10,0
2025-09-02,B200,122.7276449778041,980,150,0,100,100,10,0
2025-09-03,B200,124.66281321326268,980,150,0,100,100,10,0
2025-09-04,B200,101.88033682140146,980,150,0,100,100,10,0
2025-09-05,B200,108.83302278249818,980,150,0,100,100,10,0
2025-09-06,B200,56.72384040602993,980,150,0,100,100,10,0
2025-09-07,B200,121.86470535687154,980,150,0,100,100,10,0
2025-09-08,B200,123.53893294058264,980,150,0,100,100,10,0
2025-09-09,B200,131.66404841114638,980,150,1,500,100,10,0
2025-09-10,B200,100.21163098076124,980,150,0,100,100,10,0
2025-09-11,B200,132.56339465118168,980,150,0,100,100,10,0
2025-09-12,B200,101.60557146562591,980,150,0,100,100,10,0
2025-09-13,B200,85.47806792395005,980,150,0,100,100,10,0
2025-09-14,B200,103.45414810841223,980,150,1,500,100,10,0
2025-09-15,B200,125.59277112660398,980,150,0,100,100,10,0
2025-09-16,B200,158.1182345644102,980,150,1,500,100,10,0
2025-09-17,B200,109.20815793215722,980,150,0,100,100,10,0
2025-09-18,B200,129.7791605738695,980,150,0,100,100,10,0
2025-09-19,B200,118.46447807286691,980,150,0,100,100,10,0
2025-09-20,B200,77.93327501156728,980,150,0,100,100,10,0
2025-09-21,B200,142.66589692569875,980,150,1,500,100,10,0
2025-09-22,B200,95.37655540520109,980,150,0,100,100,10,0
2025-09-23,B200,109.80589958468792,980,150,0,100,100,10,0
2025-09-24,B200,108.65250187214258,980,150,0,100,100,10,0
2025-09-25,B200,105.75143001222392,980,150,0,100,100,10,0
2025-09-26,B200,81.17153172255595,980,150,0,100,100,10,0
2025-09-27,B200,128.76097466414123,980,150,0,100,100,10,0
2025-09-28,B200,66.11092257679883,980,150,0,100,100,10,0
2025-09-29,B200,164.45534148989233,980,150,1,500,100,10,0
2025-09-30,B200,97.91085852605765,980,150,0,100,100,10,0
2025-10-01,B200,102.59705162799173,980,150,0,100,100,10,0
2025-10-02,B200,134.48637187980643,980,150,0,100,100,10,0
2025-10-03,B200,147.68303187954348,980,150,1,500,100,10,0
2025-10-04,B200,72.92375383531163,980,150,0,100,100,10,0
2025-10-05,B200,72.65418021759046,980,150,0,100,100,10,0
2025-10-06,B200,117.21583910426254,980,150,0,100,100,10,0
2025-10-07,B200,94.94452358759334,980,150,0,100,100,10,0
2025-10-08,B200,120.66771546423784,980,150,0,100,100,10,0
2025-10-09,B200,122.46737274315811,980,150,0,100,100,10,0
2025-10-10,B200,99.80349367046037,980,150,0,100,100,10,0
2025-10-11,B200,86.97293992671858,980,150,0,100,100,10,0
2025-10-12,B200,125.19234936328664,980,150,1,500,100,10,0
2025-10-13,B200,99.40127815686026,980,150,0,100,100,10,0
2025-10-14,B200,114.03474649966199,980,150,0,100,100,10,0
2025-10-15,B200,152.3930883573702,980,150,0,100,100,10,0
2025-10-16,B200,119.39150622526253,980,150,0,100,100,10,0
2025-10-17,B200,106.8865041385608,980,150,0,100,100,10,0
2025-10-18,B200,131.86200759801298,980,150,0,100,100,10,0
2025-10-19,B200,110.14823050132473,980,150,0,100,100,10,0
2025-10-20,B200,125.00928070680015,980,150,1,500,100,10,0
2025-10-21,B200,99.48642957253925,980,150,0,100,100,10,0
2025-10-22,B200,86.27615282635163,980,150,0,100,100,10,0
2025-10-23,B200,119.33978815740974,980,150,0,100,100,10,0
2025-10-24,B200,80.75676950859228,980,150,0,100,100,10,0
2025-10-25,B200,132.82736517678765,980,150,0,100,100,10,0
2025-10-26,B200,93.054956982511,980,150,0,100,100,10,0
2025-10-27,B200,129.68074160199734,980,150,0,100,100,10,0
2025-10-28,B200,109.20838736865639,980,150,0,100,100,10,0
2025-10-29,B200,120.25003103890442,980,150,0,100,100,10,0
2025-10-30,B200,113.19127170689521,980,150,0,100,100,10,0
2025-10-31,B200,116.5186178027433,980,150,0,100,100,10,0
2025-11-01,B200,118.83767503028767,980,150,0,100,100,10,0
2025-11-02,B200,127.61028890060854,980,150,0,100,100,10,0
2025-11-03,B200,143.6739354173487,980,150,0,100,100,10,0
2025-11-04,B200,171.6241165727081,980,150,0,100,100,10,0
2025-11-05,B200,134.59484653930264,980,150,1,500,100,10,0
2025-11-06,B200,123.89083283757029,980,150,0,100,100,10,0
2025-11-07,B200,106.27197116161831,980,150,0,100,100,10,0
2025-11-08,B200,119.65146400076213,980,150,0,100,100,10,0
2025-11-09,B200,84.22945281359817,980,150,0,100,100,10,0
2025-11-10,B200,139.043022222789,980,150,0,100,100,10,0
2025-11-11,B200,151.80783794763605,980,150,1,500,100,10,0
2025-11-12,B200,147.44675690055163,980,150,1,500,100,10,0
2025-11-13,B200,119.86066684098773,980,150,0,100,100,10,0
2025-11-14,B200,100.82990083398693,980,150,0,100,100,10,0
2025-11-15,B200,84.38350797589179,980,150,0,100,100,10,0
2025-11-16,B200,106.02070047899898,980,150,0,100,100,10,0
2025-11-17,B200,124.3034875966145,980,150,0,100,100,10,0
2025-11-18,B200,110.49829017524986,980,150,0,100,100,10,0
2025-11-19,B200,147.2455368123025,980,150,1,500,100,10,0
2025-11-20,B200,160.3005261344471,980,150,1,500,100,10,0
2025-11-21,B200,108.84425638776435,980,150,0,100,100,10,0
2025-11-22,B200,74.93512995482811,980,150,0,100,100,10,0
2025-11-23,B200,129.83268327081475,980,150,0,100,100,10,0
2025-11-24,B200,128.16323853191125,980,150,0,100,100,10,0
2025-11-25,B200,115.80729964485327,980,150,0,100,100,10,0
2025-11-26,B200,112.76747062864736,980,150,0,100,100,10,0
2025-11-27,B200,111.01205217001109,980,150,0,100,100,10,0
2025-11-28,B200,144.29752342419994,980,150,0,100,100,10,0
2025-11-29,B200,85.10625099658043,980,150,0,100,100,10,0
2025-11-30,B200,113.44235703521223,980,150,0,100,100,10,0
2025-12-01,B200,132.69286579196762,980,150,0,100,100,10,0
2025-12-02,B200,139.3701269019869,980,150,0,100,100,10,0
2025-12-03,B200,120.56699045171328,980,150,0,100,100,10,0
2025-12-04,B200,151.01193846801803,980,150,0,100,100,10,0
2025-12-05,B200,141.18559156976315,980,150,0,100,100,10,0
2025-12-06,B200,102.0904977070363,980,150,0,100,100,10,0
2025-12-07,B200,97.35968201742514,980,150,0,100,100,10,0
2025-12-08,B200,126.90678882288626,980,150,0,100,100,10,0
2025-12-09,B200,122.11947980991381,980,150,0,100,100,10,0
2025-12-10,B200,115.44726692537022,980,150,0,100,100,10,0
2025-12-11,B200,131.69854765861558,980,150,0,100,100,10,0
2025-12-12,B200,126.50455083549551,980,150,0,100,100,10,0
2025-12-13,B200,139.83342970377007,980,150,0,100,100,10,0
2025-12-14,B200,132.60230820964972,980,150,1,500,100,10,0
2025-12-15,B200,120.13878351094503,980,150,0,100,100,10,0
2025-12-16,B200,132.91067284417252,980,150,0,100,100,10,0
2025-12-17,B200,137.56623899646132,980,150,0,100,100,10,0
2025-12-18,B200,139.32198950777527,980,150,0,100,100,10,0
2025-12-19,B200,139.62496409155227,980,150,0,100,100,10,0
2025-12-20,B200,115.15270858441403,980,150,0,100,100,10,0
2025-12-21,B200,143.0496801013861,980,150,1,500,100,10,0
2025-12-22,B200,145.86249302524578,980,150,0,100,100,10,0
2025-12-23,B200,120.11843566599947,980,150,0,100,100,10,0
2025-12-24,B200,124.49054880896088,980,150,0,100,100,10,0
2025-12-25,B200,111.86828009891568,980,150,0,100,100,10,0
2025-12-26,B200,121.7964906288495,980,150,0,100,100,10,0
2025-12-27,B200,164.13399203567621,980,150,1,500,100,10,0
2025-12-28,B200,127.21936559850909,980,150,0,100,100,10,0
2025-12-29,B200,169.77635672818468,980,150,0,100,100,10,0
2025-12-30,B200,165.07778324339415,980,150,0,100,100,10,0
2025-12-31,B200,149.5787734662991,980,150,0,100,100,10,0
2023-01-01,C300,191.64531082387836,1540,220,0,100,100,13,0
2023-01-02,C300,222.2801593547385,1540,220,0,100,100,13,0
2023-01-03,C300,168.45039476874237,1540,220,0,100,100,13,0
2023-01-04,C300,220.884009040267,1540,220,0,100,100,13,0
2023-01-05,C300,208.98722964079278,1540,220,0,100,100,13,0
2023-01-06,C300,257.0715585164008,1540,220,1,500,100,13,0
2023-01-07,C300,202.24094538251842,1540,220,0,100,100,13,0
2023-01-08,C300,186.86045394022733,1540,220,0,100,100,13,0
2023-01-09,C300,229.13287637223547,1540,220,0,100,100,13,0
2023-01-10,C300,200.4129028702946,1540,220,0,100,100,13,0
2023-01-11,C300,250.55636584645617,1540,220,0,100,100,13,0
2023-01-12,C300,217.19483574375926,1540,220,0,100,100,13,0
2023-01-13,C300,239.06298485826727,1540,220,0,100,100,13,0
2023-01-14,C300,186.1602706387468,1540,220,0,100,100,13,0
2023-01-15,C300,138.82269223436137,1540,220,0,100,100,13,0
2023-01-16,C300,243.79355272469837,1540,220,0,100,100,13,0
2023-01-17,C300,229.06200326274163,1540,220,0,100,100,13,0
2023-01-18,C300,250.71521189169584,1540,220,1,500,100,13,0
2023-01-19,C300,204.1281412037891,1540,220,0,100,100,13,0
2023-01-20,C300,257.95855308291925,1540,220,0,100,100,13,0
2023-01-21,C300,160.25552376235555,1540,220,0,100,100,13,0
2023-01-22,C300,188.34626816222013,1540,220,0,100,100,13,0
2023-01-23,C300,288.2999108899632,1540,220,0,100,100,13,0
2023-01-24,C300,250.18922628327567,1540,220,0,100,100,13,0
2023-01-25,C300,257.41277626396334,1540,220,0,100,100,13,0
2023-01-26,C300,231.54971390801708,1540,220,0,100,100,13,0
2023-01-27,C300,196.7040416163553,1540,220,0,100,100,13,0
2023-01-28,C300,209.14092157273453,1540,220,0,100,100,13,0
2023-01-29,C300,176.50234330278903,1540,220,0,100,100,13,0
2023-01-30,C300,211.03843238356342,1540,220,0,100,100,13,0
2023-01-31,C300,244.1096424398922,1540,220,0,100,100,13,0
2023-02-01,C300,216.24472265519046,1540,220,0,100,100,13,0
2023-02-02,C300,242.3778296041617,1540,220,0,100,100,13,0
2023-02-03,C300,226.1924344825624,1540,220,0,100,100,13,0
2023-02-04,C300,206.00853839295814,1540,220,0,100,100,13,0
2023-02-05,C300,194.63115667723707,1540,220,0,100,100,13,0
2023-02-06,C300,244.68798406057203,1540,220,0,100,100,13,0
2023-02-07,C300,284.4654772806831,1540,220,0,100,100,13,0
2023-02-08,C300,267.0596641700383,1540,220,0,100,100,13,0
2023-02-09,C300,243.59111411971097,1540,220,0,100,100,13,0
2023-02-10,C300,281.1538795750849,1540,220,0,100,100,13,0
2023-02-11,C300,221.42146706809032,1540,220,0,100,100,13,0
2023-02-12,C300,242.73760810401683,1540,220,0,100,100,13,0
2023-02-13,C300,212.68014117339783,1540,220,0,100,100,13,0
2023-02-14,C300,224.25684243418476,1540,220,0,100,100,13,0
2023-02-15,C300,255.80134434904923,1540,220,0,100,100,13,0
2023-02-16,C300,246.8406686960281,1540,220,0,100,100,13,0
2023-02-17,C300,250.93815037680773,1540,220,0,100,100,13,0
2023-02-18,C300,228.883441308866,1540,220,0,100,100,13,0
2023-02-19,C300,220.11563724229956,1540,220,0,100,100,13,0
2023-02-20,C300,276.2212126501222,1540,220,0,100,100,13,0
2023-02-21,C300,339.4922391953659,1540,220,1,500,100,13,0
2023-02-22,C300,229.37551272692744,1540,220,0,100,100,13,0
2023-02-23,C300,198.2653434664995,1540,220,0,100,100,13,0
2023-02-24,C300,228.75609973953044,1540,220,0,100,100,13,0
2023-02-25,C300,189.2569045537543,1540,220,0,100,100,13,0
2023-02-26,C300,218.58205241359255,1540,220,0,100,100,13,0
2023-02-27,C300,257.1487067630281,1540,220,0,100,100,13,0
2023-02-28,C300,250.8580345033449,1540,220,0,100,100,13,0
2023-03-01,C300,268.49169054906685,1540,220,0,100,100,13,0
2023-03-02,C300,323.3391116690636,1540,220,0,100,100,13,0
2023-03-03,C300,251.4539389407549,1540,220,0,100,100,13,0
2023-03-04,C300,225.65094270120304,1540,220,0,100,100,13,0
2023-03-05,C300,218.93824739249092,1540,220,0,100,100,13,0
2023-03-06,C300,308.1730316362903,1540,220,1,500,100,13,0
2023-03-07,C300,274.1105305084277,1540,220,0,100,100,13,0
2023-03-08,C300,251.8932092684645,1540,220,0,100,100,13,0
2023-03-09,C300,238.9399595600598,1540,220,0,100,100,13,0
2023-03-10,C300,240.99266857919767,1540,220,0,100,100,13,0
2023-03-11,C300,300.80529849006183,1540,220,1,500,100,13,0
2023-03-12,C300,291.20740466989014,1540,220,1,500,100,13,0
2023-03-13,C300,247.95518834804466,1540,220,0,100,100,13,0
2023-03-14,C300,272.1124387135101,1540,220,0,100,100,13,0
2023-03-15,C300,260.95641075234187,1540,220,0,100,100,13,0
2023-03-16,C300,268.3347929879308,1540,220,0,100,100,13,0
2023-03-17,C300,245.5594951137591,1540,220,0,100,100,13,0
2023-03-18,C300,195.54104906217512,1540,220,0,100,100,13,0
2023-03-19,C300,214.96921402646285,1540,220,0,100,100,13,0
2023-03-20,C300,239.16479673448384,1540,220,0,100,100,13,0
2023-03-21,C300,237.56628683984314,1540,220,0,100,100,13,0
2023-03-22,C300,227.06091974534527,1540,220,0,100,100,13,0
2023-03-23,C300,206.61415691745128,1540,220,0,100,100,13,0
2023-03-24,C300,250.34524625938582,1540,220,0,100,100,13,0
2023-03-25,C300,252.76457299092732,1540,220,0,100,100,13,0
2023-03-26,C300,245.2190223566087,1540,220,0,100,100,13,0
2023-03-27,C300,306.09787385088185,1540,220,0,100,100,13,0
2023-03-28,C300,237.2665151363289,1540,220,0,100,100,13,0
2023-03-29,C300,279.91444930247604,1540,220,0,100,100,13,0
2023-03-30,C300,259.49454748162685,1540,220,0,100,100,13,0
2023-03-31,C300,244.22339918550637,1540,220,0,100,100,13,0
2023-04-01,C300,249.6016333467577,1540,220,0,100,100,13,0
2023-04-02,C300,220.18361003823236,1540,220,0,100,100,13,0
2023-04-03,C300,218.07673395355482,1540,220,0,100,100,13,0
2023-04-04,C300,284.6860459697642,1540,220,0,100,100,13,0
2023-04-05,C300,272.3161882434593,1540,220,0,100,100,13,0
2023-04-06,C300,265.83510346628964,1540,220,0,100,100,13,0
2023-04-07,C300,232.44424444280003,1540,220,0,100,100,13,0
2023-04-08,C300,229.13475748454454,1540,220,0,100,100,13,0
2023-04-09,C300,317.8828003695893,1540,220,1,500,100,13,0
2023-04-10,C300,271.16908291764906,1540,220,0,100,100,13,0
2023-04-11,C300,223.81959954532243,1540,220,0,100,100,13,0
2023-04-12,C300,338.7443795345775,1540,220,1,500,100,13,0
2023-04-13,C300,336.8309862592606,1540,220,1,500,100,13,0
2023-04-14,C300,281.18688409026527,1540,220,0,100,100,13,0
2023-04-15,C300,230.55764438875056,1540,220,0,100,100,13,0
2023-04-16,C300,197.6892290955802,1540,220,0,100,100,13,0
2023-04-17,C300,262.9671708067426,1540,220,0,100,100,13,0
2023-04-18,C300,254.17897199719405,1540,220,0,100,100,13,0
2023-04-19,C300,265.5866599676461,1540,220,0,100,100,13,0
2023-04-20,C300,288.0127907791176,1540,220,0,100,100,13,0
2023-04-21,C300,243.32550859733854,1540,220,0,100,100,13,0
2023-04-22,C300,269.0760038225643,1540,220,0,100,100,13,0
2023-04-23,C300,231.32363893288448,1540,220,0,100,100,13,0
2023-04-24,C300,281.58688507749383,1540,220,0,100,100,13,0
2023-04-25,C300,277.40285982532754,1540,220,0,100,100,13,0
2023-04-26,C300,268.4992409180669,1540,220,0,100,100,13,0
2023-04-27,C300,273.0055323244009,1540,220,0,100,100,13,0
2023-04-28,C300,178.31607621510227,1540,220,0,100,100,13,0
2023-04-29,C300,237.19025712951603,1540,220,0,100,100,13,0
2023-04-30,C300,196.22276958710904,1540,220,0,100,100,13,0
2023-05-01,C300,320.27395414436637,1540,220,1,500,100,13,0
2023-05-02,C300,266.2304029552962,1540,220,0,100,100,13,0
2023-05-03,C300,285.19786438088147,1540,220,0,100,100,13,0
2023-05-04,C300,233.51760238590137,1540,220,0,100,100,13,0
2023-05-05,C300,244.22025640424033,1540,220,0,100,100,13,0
2023-05-06,C300,208.61513806357968,1540,220,0,100,100,13,0
2023-05-07,C300,221.49722056454715,1540,220,0,100,100,13,0
2023-05-08,C300,247.73059168131792,1540,220,0,100,100,13,0
2023-05-09,C300,268.42783578637005,1540,220,0,100,100,13,0
2023-05-10,C300,209.55502402058556,1540,220,0,100,100,13,0
2023-05-11,C300,249.387894991141,1540,220,0,100,100,13,0
2023-05-12,C300,294.46688824525773,1540,220,0,100,100,13,0
2023-05-13,C300,207.46090270756773,1540,220,0,100,100,13,0
2023-05-14,C300,224.35924940267037,1540,220,0,100,100,13,0
2023-05-15,C300,275.08210849053006,1540,220,0,100,100,13,0
2023-05-16,C300,260.3469556421778,1540,220,0,100,100,13,0
2023-05-17,C300,301.0040858678606,1540,220,0,100,100,13,0
2023-05-18,C300,251.72115936476223,1540,220,0,100,100,13,0
2023-05-19,C300,264.722043669892,1540,220,0,100,100,13,0
2023-05-20,C300,217.03796974303407,1540,220,0,100,100,13,0
2023-05-21,C300,245.79206553716944,1540,220,0,100,100,13,0
2023-05-22,C300,236.8990564218381,1540,220,0,100,100,13,0
2023-05-23,C300,300.28522563237226,1540,220,0,100,100,13,0
2023-05-24,C300,229.54851588765362,1540,220,0,100,100,13,0
2023-05-25,C300,290.3263513759954,1540,220,0,100,100,13,0
2023-05-26,C300,219.45146431749833,1540,220,0,100,100,13,0
2023-05-27,C300,224.11139127080716,1540,220,0,100,100,13,0
2023-05-28,C300,258.8716872967623,1540,220,1,500,100,13,0
2023-05-29,C300,266.3930024981261,1540,220,0,100,100,13,0
2023-05-30,C300,253.67575849505863,1540,220,0,100,100,13,0
2023-05-31,C300,263.5527917225329,1540,220,0,100,100,13,0
2023-06-01,C300,275.3733796937514,1540,220,1,500,100,13,0
2023-06-02,C300,200.14588478465114,1540,220,0,100,100,13,0
2023-06-03,C300,173.58754456000378,1540,220,0,100,100,13,0
2023-06-04,C300,172.4474652634225,1540,220,0,100,100,13,0
2023-06-05,C300,211.89612783738926,1540,220,0,100,100,13,0
2023-06-06,C300,222.78979318053683,1540,220,0,100,100,13,0
2023-06-07,C300,221.888841640996,1540,220,0,100,100,13,0
2023-06-08,C300,236.8925780740815,1540,220,0,100,100,13,0
2023-06-09,C300,214.6418854982918,1540,220,0,100,100,13,0
2023-06-10,C300,180.39567455676888,1540,220,0,100,100,13,0
2023-06-11,C300,193.7558752110266,1540,220,0,100,100,13,0
2023-06-12,C300,260.75974459136995,1540,220,0,100,100,13,0
2023-06-13,C300,222.02857513071856,1540,220,0,100,100,13,0
2023-06-14,C300,230.92411339635186,1540,220,0,100,100,13,0
2023-06-15,C300,234.2738376041632,1540,220,0,100,100,13,0
2023-06-16,C300,264.65971326885244,1540,220,1,500,100,13,0
2023-06-17,C300,186.843114706491,1540,220,0,100,100,13,0
2023-06-18,C300,177.34687842873734,1540,220,0,100,100,13,0
2023-06-19,C300,252.86310311848825,1540,220,0,100,100,13,0
2023-06-20,C300,249.73492500547476,1540,220,0,100,100,13,0
2023-06-21,C300,207.2205782903454,1540,220,0,100,100,13,0
2023-06-22,C300,224.5504178806769,1540,220,0,100,100,13,0
2023-06-23,C300,241.24136426715833,1540,220,0,100,100,13,0
2023-06-24,C300,247.13703452585298,1540,220,1,500,100,13,0
2023-06-25,C300,201.3394298113245,1540,220,0,100,100,13,0
2023-06-26,C300,199.4465024978601,1540,220,0,100,100,13,0
2023-06-27,C300,266.1096087644858,1540,220,0,100,100,13,0
2023-06-28,C300,206.28875824861234,1540,220,0,100,100,13,0
2023-06-29,C300,204.84935437080475,1540,220,0,100,100,13,0
2023-06-30,C300,187.35471113383264,1540,220,0,100,100,13,0
2023-07-01,C300,182.25398334027906,1540,220,0,100,100,13,0
2023-07-02,C300,215.98774281469383,1540,220,0,100,100,13,0
2023-07-03,C300,225.96373715526855,1540,220,0,100,100,13,0
2023-07-04,C300,215.0076965955036,1540,220,0,100,100,13,0
2023-07-05,C300,236.3544424779483,1540,220,0,100,100,13,0
2023-07-06,C300,299.3534410713474,1540,220,1,500,100,13,0
2023-07-07,C300,236.86858524626953,1540,220,0,100,100,13,0
2023-07-08,C300,135.05439537511842,1540,220,0,100,100,13,0
2023-07-09,C300,201.41641491730417,1540,220,0,100,100,13,0
2023-07-10,C300,224.82854123182872,1540,220,0,100,100,13,0
2023-07-11,C300,191.63661899965666,1540,220,0,100,100,13,0
2023-07-12,C300,223.4469292234049,1540,220,0,100,100,13,0
2023-07-13,C300,240.7338249125732,1540,220,0,100,100,13,0
2023-07-14,C300,195.29884955430063,1540,220,0,100,100,13,0
2023-07-15,C300,201.40120251249044,1540,220,0,100,100,13,0
2023-07-16,C300,185.43236668103222,1540,220,0,100,100,13,0
2023-07-17,C300,188.13800204648362,1540,220,1,500,100,13,0
2023-07-18,C300,206.42656717476865,1540,220,0,100,100,13,0
2023-07-19,C300,213.56719635290386,1540,220,0,100,100,13,0
2023-07-20,C300,197.83374868242217,1540,220,0,100,100,13,0
2023-07-21,C300,214.1810293913194,1540,220,0,100,100,13,0
2023-07-22,C300,170.03800249083687,1540,220,0,100,100,13,0
2023-07-23,C300,232.740272110783,1540,220,0,100,100,13,0
2023-07-24,C300,193.22728829504285,1540,220,0,100,100,13,0
2023-07-25,C300,182.1580933950495,1540,220,0,100,100,13,0
2023-07-26,C300,223.5563053626114,1540,220,0,100,100,13,0
2023-07-27,C300,194.25186390768866,1540,220,0,100,100,13,0
2023-07-28,C300,197.94813653114696,1540,220,0,100,100,13,0
2023-07-29,C300,165.06832830238423,1540,220,0,100,100,13,0
2023-07-30,C300,189.3455003677702,1540,220,0,100,100,13,0
2023-07-31,C300,170.96257810812995,1540,220,0,100,100,13,0
2023-08-01,C300,220.91387285114521,1540,220,0,100,100,13,0
2023-08-02,C300,210.7274183630155,1540,220,0,100,100,13,0
2023-08-03,C300,243.86505199637477,1540,220,0,100,100,13,0
2023-08-04,C300,200.54400276166615,1540,220,0,100,100,13,0
2023-08-05,C300,140.09441488699738,1540,220,0,100,100,13,0
2023-08-06,C300,170.34980134274187,1540,220,0,100,100,13,0
2023-08-07,C300,202.17908065977,1540,220,0,100,100,13,0
2023-08-08,C300,225.4495054062031,1540,220,0,100,100,13,0
2023-08-09,C300,166.90311927176108,1540,220,0,100,100,13,0
2023-08-10,C300,152.87391233412504,1540,220,0,100,100,13,0
2023-08-11,C300,197.11846337597052,1540,220,0,100,100,13,0
2023-08-12,C300,211.11119554758724,1540,220,0,100,100,13,0
2023-08-13,C300,179.35249926316507,1540,220,0,100,100,13,0
2023-08-14,C300,209.00805215883597,1540,220,0,100,100,13,0
2023-08-15,C300,155.10261096519324,1540,220,0,100,100,13,0
2023-08-16,C300,189.87152768737718,1540,220,0,100,100,13,0
2023-08-17,C300,220.90549090291665,1540,220,0,100,100,13,0
2023-08-18,C300,196.2487071016114,1540,220,0,100,100,13,0
2023-08-19,C300,118.24942820511983,1540,220,0,100,100,13,0
2023-08-20,C300,159.23212775184317,1540,220,0,100,100,13,0
2023-08-21,C300,201.75970481700605,1540,220,0,100,100,13,0
2023-08-22,C300,103.86502875574298,1540,220,0,100,100,13,0
2023-08-23,C300,182.96687611664706,1540,220,0,100,100,13,0
2023-08-24,C300,161.79116440988759,1540,220,0,100,100,13,0
2023-08-25,C300,206.92664699116838,1540,220,0,100,100,13,0
2023-08-26,C300,145.27348313808852,1540,220,0,100,100,13,0
2023-08-27,C300,166.94325034693077,1540,220,0,100,100,13,0
2023-08-28,C300,182.9092968458756,1540,220,0,100,100,13,0
2023-08-29,C300,170.6808676060625,1540,220,0,100,100,13,0
2023-08-30,C300,234.66733396033175,1540,220,0,100,100,13,0
2023-08-31,C300,167.07864506812595,1540,220,0,100,100,13,0
2023-09-01,C300,183.48064871504812,1540,220,0,100,100,13,0
2023-09-02,C300,153.67870283892475,1540,220,0,100,100,13,0
2023-09-03,C300,158.45186247404536,1540,220,0,100,100,13,0
2023-09-04,C300,230.29527607804343,1540,220,0,100,100,13,0
2023-09-05,C300,195.63609429047233,1540,220,0,100,100,13,0
2023-09-06,C300,167.55251140696893,1540,220,0,100,100,13,0
2023-09-07,C300,218.47872736847435,1540,220,0,100,100,13,0
2023-09-08,C300,199.39436524477145,1540,220,0,100,100,13,0
2023-09-09,C300,140.2825509375226,1540,220,0,100,100,13,0
2023-09-10,C300,185.89328618796475,1540,220,0,100,100,13,0
2023-09-11,C300,143.82908904037868,1540,220,0,100,100,13,0
2023-09-12,C300,149.60415531156679,1540,220,0,100,100,13,0
2023-09-13,C300,135.4558460344723,1540,220,0,100,100,13,0
2023-09-14,C300,124.66603406454053,1540,220,0,100,100,13,0
2023-09-15,C300,209.33441167011875,1540,220,0,100,100,13,0
2023-09-16,C300,155.77711085091957,1540,220,0,100,100,13,0
2023-09-17,C300,110.11717343404703,1540,220,0,100,100,13,0
2023-09-18,C300,175.9444594945667,1540,220,0,100,100,13,0
2023-09-19,C300,200.74698936777145,1540,220,0,100,100,13,0
2023-09-20,C300,201.49915744202545,1540,220,1,500,100,13,0
2023-09-21,C300,168.1579120181708,1540,220,0,100,100,13,0
2023-09-22,C300,230.29918969999682,1540,220,0,100,100,13,0
2023-09-23,C300,143.7526396596099,1540,220,0,100,100,13,0
2023-09-24,C300,111.16648274487952,1540,220,0,100,100,13,0
2023-09-25,C300,162.2626982174039,1540,220,0,100,100,13,0
2023-09-26,C300,134.02534993837207,1540,220,0,100,100,13,0
2023-09-27,C300,193.69088097910185,1540,220,0,100,100,13,0
2023-09-28,C300,153.07829993917798,1540,220,0,100,100,13,0
2023-09-29,C300,152.2792145233287,1540,220,0,100,100,13,0
2023-09-30,C300,206.45641683457765,1540,220,0,100,100,13,0
2023-10-01,C300,155.64932541428425,1540,220,1,500,100,13,0
2023-10-02,C300,140.319936882044,1540,220,0,100,100,13,0
2023-10-03,C300,148.54204057337608,1540,220,0,100,100,13,0
2023-10-04,C300,200.7970269918601,1540,220,0,100,100,13,0
2023-10-05,C300,189.91447856345954,1540,220,0,100,100,13,0
2023-10-06,C300,161.87604782959636,1540,220,0,100,100,13,0
2023-10-07,C300,133.2155556750442,1540,220,0,100,100,13,0
2023-10-08,C300,198.99646813035233,1540,220,1,500,100,13,0
2023-10-09,C300,182.39049107074223,1540,220,0,100,100,13,0
2023-10-10,C300,171.9965306828014,1540,220,0,100,100,13,0
2023-10-11,C300,191.4249202167682,1540,220,0,100,100,13,0
2023-10-12,C300,147.69790605923052,1540,220,0,100,100,13,0
2023-10-13,C300,154.3762402714456,1540,220,0,100,100,13,0
2023-10-14,C300,166.76685716404089,1540,220,0,100,100,13,0
2023-10-15,C300,158.82482019033844,1540,220,0,100,100,13,0
2023-10-16,C300,122.49763871056705,1540,220,0,100,100,13,0
2023-10-17,C300,178.34935992362938,1540,220,0,100,100,13,0
2023-10-18,C300,233.48651635314224,1540,220,0,100,100,13,0
2023-10-19,C300,198.83258988040276,1540,220,0,100,100,13,0
2023-10-20,C300,164.80152622276498,1540,220,0,100,100,13,0
2023-10-21,C300,169.2859295017923,1540,220,1,500,100,13,0
2023-10-22,C300,199.45764277585928,1540,220,1,500,100,13,0
2023-10-23,C300,210.72702618888218,1540,220,0,100,100,13,0
2023-10-24,C300,133.77004055032617,1540,220,0,100,100,13,0
2023-10-25,C300,187.13983202535263,1540,220,0,100,100,13,0
2023-10-26,C300,171.11698800026696,1540,220,0,100,100,13,0
2023-10-27,C300,185.28912578906278,1540,220,0,100,100,13,0
2023-10-28,C300,116.21974183864423,1540,220,0,100,100,13,0
2023-10-29,C300,185.4478703617334,1540,220,0,100,100,13,0
2023-10-30,C300,220.87187390479983,1540,220,0,100,100,13,0
2023-10-31,C300,199.80155453413556,1540,220,0,100,100,13,0
2023-11-01,C300,227.84333239224867,1540,220,0,100,100,13,0
2023-11-02,C300,172.33853227738877,1540,220,0,100,100,13,0
2023-11-03,C300,189.70591987255528,1540,220,0,100,100,13,0
2023-11-04,C300,174.3103325660803,1540,220,0,100,100,13,0
2023-11-05,C300,165.9833874856217,1540,220,0,100,100,13,0
2023-11-06,C300,177.21796144446145,1540,220,0,100,100,13,0
2023-11-07,C300,180.38744648133473,1540,220,0,100,100,13,0
2023-11-08,C300,221.665228060496,1540,220,0,100,100,13,0
2023-11-09,C300,184.89796331130276,1540,220,0,100,100,13,0
2023-11-10,C300,215.87321799638102,1540,220,0,100,100,13,0
2023-11-11,C300,156.5046824777801,1540,220,0,100,100,13,0
2023-11-12,C300,188.6207523126155,1540,220,0,100,100,13,0
2023-11-13,C300,189.64469763671136,1540,220,0,100,100,13,0
2023-11-14,C300,204.12081339505082,1540,220,0,100,100,13,0
2023-11-15,C300,171.0587215802177,1540,220,0,100,100,13,0
2023-11-16,C300,195.82571913972922,1540,220,0,100,100,13,0
2023-11-17,C300,172.49938709403014,1540,220,0,100,100,13,0
2023-11-18,C300,150.861335725332,1540,220,0,100,100,13,0
2023-11-19,C300,153.36865039841652,1540,220,0,100,100,13,0
2023-11-20,C300,186.63073256966237,1540,220,0,100,100,13,0
2023-11-21,C300,218.02238980062899,1540,220,0,100,100,13,0
2023-11-22,C300,180.71377536839003,1540,220,0,100,100,13,0
2023-11-23,C300,197.0046078406447,1540,220,0,100,100,13,0
2023-11-24,C300,223.4421087138973,1540,220,0,100,100,13,0
2023-11-25,C300,180.64598761092594,1540,220,0,100,100,13,0
2023-11-26,C300,161.92248605176624,1540,220,1,500,100,13,0
2023-11-27,C300,157.5663298519126,1540,220,0,100,100,13,0
2023-11-28,C300,206.47781063426137,1540,220,0,100,100,13,0
2023-11-29,C300,183.76596118726917,1540,220,0,100,100,13,0
2023-11-30,C300,156.27587084219783,1540,220,0,100,100,13,0
2023-12-01,C300,183.23672908734986,1540,220,0,100,100,13,0
2023-12-02,C300,180.28444287745,1540,220,0,100,100,13,0
2023-12-03,C300,160.46981969709083,1540,220,0,100,100,13,0
2023-12-04,C300,251.46493512692876,1540,220,1,500,100,13,0
2023-12-05,C300,193.98965431783387,1540,220,0,100,100,13,0
2023-12-06,C300,183.09161393164737,1540,220,0,100,100,13,0
2023-12-07,C300,208.36742036889237,1540,220,0,100,100,13,0
2023-12-08,C300,159.2670754976921,1540,220,0,100,100,13,0
2023-12-09,C300,151.50841578057543,1540,220,0,100,100,13,0
2023-12-10,C300,194.24742451995675,1540,220,0,100,100,13,0
2023-12-11,C300,167.71616985240712,1540,220,0,100,100,13,0
2023-12-12,C300,205.67781329445043,1540,220,0,100,100,13,0
2023-12-13,C300,246.94736019418167,1540,220,1,500,100,13,0
2023-12-14,C300,193.65849860300042,1540,220,0,100,100,13,0
2023-12-15,C300,231.1819118158613,1540,220,0,100,100,13,0
2023-12-16,C300,206.17006198142926,1540,220,0,100,100,13,0
2023-12-17,C300,150.3790671651138,1540,220,0,100,100,13,0
2023-12-18,C300,140.77959831104974,1540,220,0,100,100,13,0
2023-12-19,C300,206.30521910572415,1540,220,0,100,100,13,0
2023-12-20,C300,161.73940367071862,1540,220,0,100,100,13,0
2023-12-21,C300,233.9456672605499,1540,220,0,100,100,13,0
2023-12-22,C300,264.8933080506448,1540,220,1,500,100,13,0
2023-12-23,C300,142.86914934692868,1540,220,0,100,100,13,0
2023-12-24,C300,161.98894859955294,1540,220,0,100,100,13,0
2023-12-25,C300,185.60113252758094,1540,220,0,100,100,13,0
2023-12-26,C300,194.27014071516007,1540,220,0,100,100,13,0
2023-12-27,C300,169.04854026660786,1540,220,0,100,100,13,0
2023-12-28,C300,253.77236295755398,1540,220,0,100,100,13,0
2023-12-29,C300,191.65122050210252,1540,220,0,100,100,13,0
2023-12-30,C300,186.11665807187134,1540,220,0,100,100,13,0
2023-12-31,C300,197.90605389178046,1540,220,0,100,100,13,0
2024-01-01,C300,249.66893706505604,1540,220,0,100,100,13,0
2024-01-02,C300,222.33662571174497,1540,220,0,100,100,13,0
2024-01-03,C300,215.06879408373842,1540,220,0,100,100,13,0
2024-01-04,C300,224.94895945184228,1540,220,0,100,100,13,0
2024-01-05,C300,252.04634597146182,1540,220,1,500,100,13,0
2024-01-06,C300,212.79014748523937,1540,220,1,500,100,13,0
2024-01-07,C300,231.57049374246554,1540,220,1,500,100,13,0
2024-01-08,C300,170.09181375675283,1540,220,0,100,100,13,0
2024-01-09,C300,208.9124329157972,1540,220,0,100,100,13,0
2024-01-10,C300,214.90823661562231,1540,220,0,100,100,13,0
2024-01-11,C300,278.8003258327255,1540,220,0,100,100,13,0
2024-01-12,C300,261.7241459700371,1540,220,0,100,100,13,0
2024-01-13,C300,206.26133581236056,1540,220,0,100,100,13,0
2024-01-14,C300,218.30365324658175,1540,220,0,100,100,13,0
2024-01-15,C300,205.2491451697219,1540,220,0,100,100,13,0
2024-01-16,C300,234.59053042768596,1540,220,0,100,100,13,0
2024-01-17,C300,309.60724197786254,1540,220,1,500,100,13,0
2024-01-18,C300,265.99742571799976,1540,220,1,500,100,13,0
2024-01-19,C300,196.20981614069257,1540,220,0,100,100,13,0
2024-01-20,C300,207.65833476250953,1540,220,0,100,100,13,0
2024-01-21,C300,164.83732934083122,1540,220,0,100,100,13,0
2024-01-22,C300,249.70142886019033,1540,220,0,100,100,13,0
2024-01-23,C300,265.3568163114071,1540,220,0,100,100,13,0
2024-01-24,C300,212.65161672440973,1540,220,0,100,100,13,0
2024-01-25,C300,215.17197864850968,1540,220,0,100,100,13,0
2024-01-26,C300,266.54815406347876,1540,220,0,100,100,13,0
2024-01-27,C300,204.7183158740382,1540,220,0,100,100,13,0
2024-01-28,C300,227.82256326844424,1540,220,0,100,100,13,0
2024-01-29,C300,234.18506744959487,1540,220,0,100,100,13,0
2024-01-30,C300,236.74953186840145,1540,220,0,100,100,13,0
2024-01-31,C300,242.64686869521807,1540,220,0,100,100,13,0
2024-02-01,C300,286.48356654013503,1540,220,0,100,100,13,0
2024-02-02,C300,264.8653000802677,1540,220,0,100,100,13,0
2024-02-03,C300,188.96272663104332,1540,220,0,100,100,13,0
2024-02-04,C300,212.7026940667014,1540,220,0,100,100,13,0
2024-02-05,C300,236.8789787651645,1540,220,0,100,100,13,0
2024-02-06,C300,232.67646320018744,1540,220,0,100,100,13,0
2024-02-07,C300,259.42509656953433,1540,220,0,100,100,13,0
2024-02-08,C300,254.30865007934514,1540,220,0,100,100,13,0
2024-02-09,C300,223.21682340850617,1540,220,0,100,100,13,0
2024-02-10,C300,211.58961532344324,1540,220,0,100,100,13,0
2024-02-11,C300,197.48772876177645,1540,220,0,100,100,13,0
2024-02-12,C300,260.57491627587416,1540,220,0,100,100,13,0
2024-02-13,C300,234.86693521130542,1540,220,0,100,100,13,0
2024-02-14,C300,245.9526054900836,1540,220,0,100,100,13,0
2024-02-15,C300,238.49999944332717,1540,220,0,100,100,13,0
2024-02-16,C300,207.42384394455377,1540,220,0,100,100,13,0
2024-02-17,C300,256.3411554670636,1540,220,0,100,100,13,0
2024-02-18,C300,214.97913120680312,1540,220,0,100,100,13,0
2024-02-19,C300,296.30745374980154,1540,220,0,100,100,13,0
2024-02-20,C300,255.06830645715445,1540,220,0,100,100,13,0
2024-02-21,C300,271.7791806049763,1540,220,0,100,100,13,0
2024-02-22,C300,237.69665226820294,1540,220,0,100,100,13,0
2024-02-23,C300,238.76633870938315,1540,220,0,100,100,13,0
2024-02-24,C300,215.93183596966657,1540,220,0,100,100,13,0
2024-02-25,C300,260.37898270028444,1540,220,0,100,100,13,0
2024-02-26,C300,232.6584472417031,1540,220,0,100,100,13,0
2024-02-27,C300,207.0908187428738,1540,220,0,100,100,13,0
2024-02-28,C300,284.2067536442596,1540,220,0,100,100,13,0
2024-02-29,C300,276.94653497329574,1540,220,0,100,100,13,0
2024-03-01,C300,246.74860878310977,1540,220,0,100,100,13,0
2024-03-02,C300,274.1229780754819,1540,220,0,100,100,13,0
2024-03-03,C300,275.9037685049888,1540,220,0,100,100,13,0
2024-03-04,C300,213.27514278352146,1540,220,0,100,100,13,0
2024-03-05,C300,241.9062411501442,1540,220,0,100,100,13,0
2024-03-06,C300,323.2754376831758,1540,220,1,500,100,13,0
2024-03-07,C300,270.37955127076407,1540,220,0,100,100,13,0
2024-03-08,C300,266.5537942411906,1540,220,0,100,100,13,0
2024-03-09,C300,221.6371833105647,1540,220,0,100,100,13,0
2024-03-10,C300,194.3315119181164,1540,220,0,100,100,13,0
2024-03-11,C300,274.84201288093817,1540,220,0,100,100,13,0
2024-03-12,C300,276.647385927457,1540,220,0,100,100,13,0
2024-03-13,C300,286.57069309489225,1540,220,0,100,100,13,0
2024-03-14,C300,231.12867063942082,1540,220,0,100,100,13,0
2024-03-15,C300,322.0504359950426,1540,220,1,500,100,13,0
2024-03-16,C300,210.48198309787213,1540,220,0,100,100,13,0
2024-03-17,C300,191.90369017379987,1540,220,0,100,100,13,0
2024-03-18,C300,256.64855980061105,1540,220,0,100,100,13,0
2024-03-19,C300,236.60285765543807,1540,220,0,100,100,13,0
2024-03-20,C300,227.90126674202148,1540,220,0,100,100,13,0
2024-03-21,C300,282.85134603714755,1540,220,0,100,100,13,0
2024-03-22,C300,251.89909371990035,1540,220,0,100,100,13,0
2024-03-23,C300,205.16881018397294,1540,220,0,100,100,13,0
2024-03-24,C300,311.7181657646332,1540,220,1,500,100,13,0
2024-03-25,C300,279.6217541087781,1540,220,0,100,100,13,0
2024-03-26,C300,277.57032849335485,1540,220,1,500,100,13,0
2024-03-27,C300,274.22941880521404,1540,220,0,100,100,13,0
2024-03-28,C300,274.14965485322625,1540,220,0,100,100,13,0
2024-03-29,C300,256.6970264606327,1540,220,0,100,100,13,0
2024-03-30,C300,216.16032283102206,1540,220,0,100,100,13,0
2024-03-31,C300,182.51700417815874,1540,220,0,100,100,13,0
2024-04-01,C300,317.98025665481657,1540,220,0,100,100,13,0
2024-04-02,C300,257.68021187523163,1540,220,0,100,100,13,0
2024-04-03,C300,338.80755902785296,1540,220,1,500,100,13,0
2024-04-04,C300,259.0113759829802,1540,220,0,100,100,13,0
2024-04-05,C300,245.4096743354301,1540,220,0,100,100,13,0
2024-04-06,C300,245.92799227453085,1540,220,0,100,100,13,0
2024-04-07,C300,227.86307031632467,1540,220,0,100,100,13,0
2024-04-08,C300,257.52964337202286,1540,220,0,100,100,13,0
2024-04-09,C300,272.08633236684614,1540,220,0,100,100,13,0
2024-04-10,C300,260.82807400395285,1540,220,0,100,100,13,0
2024-04-11,C300,308.3901806963081,1540,220,0,100,100,13,0
2024-04-12,C300,283.84277478188005,1540,220,0,100,100,13,0
2024-04-13,C300,236.37381724524894,1540,220,0,100,100,13,0
2024-04-14,C300,184.09880309371067,1540,220,0,100,100,13,0
2024-04-15,C300,276.415498413055,1540,220,0,100,100,13,0
2024-04-16,C300,275.53192336420904,1540,220,0,100,100,13,0
2024-04-17,C300,236.20464291770224,1540,220,0,100,100,13,0
2024-04-18,C300,222.19104506179445,1540,220,0,100,100,13,0
2024-04-19,C300,281.29893054321485,1540,220,0,100,100,13,0
2024-04-20,C300,245.30950828335295,1540,220,0,100,100,13,0
2024-04-21,C300,205.7066111285153,1540,220,0,100,100,13,0
2024-04-22,C300,308.7620143672706,1540,220,1,500,100,13,0
2024-04-23,C300,263.94668154773535,1540,220,0,100,100,13,0
2024-04-24,C300,248.77899384501495,1540,220,0,100,100,13,0
2024-04-25,C300,219.80879561049463,1540,220,0,100,100,13,0
2024-04-26,C300,233.5107214279642,1540,220,0,100,100,13,0
2024-04-27,C300,228.4060486950886,1540,220,0,100,100,13,0
2024-04-28,C300,195.29233328411584,1540,220,0,100,100,13,0
2024-04-29,C300,283.2294590768579,1540,220,0,100,100,13,0
2024-04-30,C300,271.06590487413683,1540,220,0,100,100,13,0
2024-05-01,C300,266.9581293394829,1540,220,0,100,100,13,0
2024-05-02,C300,260.3272405809257,1540,220,0,100,100,13,0
2024-05-03,C300,237.68057581789435,1540,220,0,100,100,13,0
2024-05-04,C300,289.22378517282687,1540,220,1,500,100,13,0
2024-05-05,C300,197.7042200580751,1540,220,0,100,100,13,0
2024-05-06,C300,282.05635144220656,1540,220,0,100,100,13,0
2024-05-07,C300,295.44490268372203,1540,220,0,100,100,13,0
2024-05-08,C300,258.6264232015531,1540,220,0,100,100,13,0
2024-05-09,C300,290.2764096915621,1540,220,0,100,100,13,0
2024-05-10,C300,228.20096717468286,1540,220,0,100,100,13,0
2024-05-11,C300,228.59389531804274,1540,220,0,100,100,13,0
2024-05-12,C300,214.49054184314056,1540,220,0,100,100,13,0
2024-05-13,C300,272.6989405394321,1540,220,0,100,100,13,0
2024-05-14,C300,201.15580465615673,1540,220,0,100,100,13,0
2024-05-15,C300,269.96661959197684,1540,220,0,100,100,13,0
2024-05-16,C300,233.80672351483184,1540,220,0,100,100,13,0
2024-05-17,C300,251.12872420877235,1540,220,0,100,100,13,0
2024-05-18,C300,265.9021186591367,1540,220,0,100,100,13,0
2024-05-19,C300,225.93257198187337,1540,220,0,100,100,13,0
2024-05-20,C300,259.1153857206986,1540,220,0,100,100,13,0
2024-05-21,C300,256.32560896251266,1540,220,0,100,100,13,0
2024-05-22,C300,338.759080983457,1540,220,1,500,100,13,0
2024-05-23,C300,268.13836991145456,1540,220,0,100,100,13,0
2024-05-24,C300,254.84660253186394,1540,220,0,100,100,13,0
2024-05-25,C300,214.00034016798244,1540,220,0,100,100,13,0
2024-05-26,C300,211.71285491010187,1540,220,0,100,100,13,0
2024-05-27,C300,242.56296195493312,1540,220,0,100,100,13,0
2024-05-28,C300,273.7468933834891,1540,220,1,500,100,13,0
2024-05-29,C300,256.72907259859704,1540,220,0,100,100,13,0
2024-05-30,C300,227.8629539820363,1540,220,0,100,100,13,0
2024-05-31,C300,268.2967045338718,1540,220,0,100,100,13,0
2024-06-01,C300,199.97758617902704,1540,220,0,100,100,13,0
2024-06-02,C300,278.7684486038044,1540,220,1,500,100,13,0
2024-06-03,C300,238.6115388197644,1540,220,0,100,100,13,0
2024-06-04,C300,235.92229044181826,1540,220,0,100,100,13,0
2024-06-05,C300,242.4069492378293,1540,220,0,100,100,13,0
2024-06-06,C300,229.5348118945158,1540,220,0,100,100,13,0
2024-06-07,C300,290.0550241516568,1540,220,0,100,100,13,0
2024-06-08,C300,249.09896556702273,1540,220,0,100,100,13,0
2024-06-09,C300,247.63627266969473,1540,220,0,100,100,13,0
2024-06-10,C300,243.39338490428412,1540,220,0,100,100,13,0
2024-06-11,C300,218.09904001046306,1540,220,0,100,100,13,0
2024-06-12,C300,257.5477738302026,1540,220,0,100,100,13,0
2024-06-13,C300,224.77818591037064,1540,220,0,100,100,13,0
2024-06-14,C300,258.61411975659706,1540,220,0,100,100,13,0
2024-06-15,C300,179.3192836763867,1540,220,0,100,100,13,0
2024-06-16,C300,206.32542431912262,1540,220,0,100,100,13,0
2024-06-17,C300,260.4728327958507,1540,220,0,100,100,13,0
2024-06-18,C300,222.50939625427097,1540,220,0,100,100,13,0
2024-06-19,C300,221.67817890816474,1540,220,0,100,100,13,0
2024-06-20,C300,190.44077352614886,1540,220,0,100,100,13,0
2024-06-21,C300,210.37872010485975,1540,220,0,100,100,13,0
2024-06-22,C300,200.11373469980404,1540,220,0,100,100,13,0
2024-06-23,C300,203.44028475738727,1540,220,0,100,100,13,0
2024-06-24,C300,240.44549383509477,1540,220,0,100,100,13,0
2024-06-25,C300,177.70549919499723,1540,220,0,100,100,13,0
2024-06-26,C300,215.25768474741727,1540,220,0,100,100,13,0
2024-06-27,C300,187.80357742504168,1540,220,0,100,100,13,0
2024-06-28,C300,228.2237531256047,1540,220,0,100,100,13,0
2024-06-29,C300,146.19461911733885,1540,220,0,100,100,13,0
2024-06-30,C300,205.60241195179208,1540,220,1,500,100,13,0
2024-07-01,C300,240.2346785377251,1540,220,0,100,100,13,0
2024-07-02,C300,204.83457280746873,1540,220,0,100,100,13,0
2024-07-03,C300,254.13064868148916,1540,220,0,100,100,13,0
2024-07-04,C300,233.61278084013276,1540,220,0,100,100,13,0
2024-07-05,C300,209.86128203712227,1540,220,0,100,100,13,0
2024-07-06,C300,254.32754211103554,1540,220,1,500,100,13,0
2024-07-07,C300,178.19825038144276,1540,220,0,100,100,13,0
2024-07-08,C300,233.32298062408356,1540,220,0,100,100,13,0
2024-07-09,C300,195.60980398482494,1540,220,0,100,100,13,0
2024-07-10,C300,239.50342864698166,1540,220,0,100,100,13,0
2024-07-11,C300,172.3912137616108,1540,220,0,100,100,13,0
2024-07-12,C300,182.76050162531757,1540,220,0,100,100,13,0
2024-07-13,C300,154.32071069226274,1540,220,0,100,100,13,0
2024-07-14,C300,162.91388867702565,1540,220,0,100,100,13,0
2024-07-15,C300,217.76243531759044,1540,220,0,100,100,13,0
2024-07-16,C300,260.46994486266095,1540,220,1,500,100,13,0
2024-07-17,C300,226.98247223464267,1540,220,0,100,100,13,0
2024-07-18,C300,237.7134870977688,1540,220,0,100,100,13,0
2024-07-19,C300,164.02224059521959,1540,220,0,100,100,13,0
2024-07-20,C300,208.9773547363382,1540,220,0,100,100,13,0
2024-07-21,C300,168.88679621437169,1540,220,0,100,100,13,0
2024-07-22,C300,250.5882749444831,1540,220,0,100,100,13,0
2024-07-23,C300,184.32889493635918,1540,220,0,100,100,13,0
2024-07-24,C300,153.78130897830363,1540,220,0,100,100,13,0
2024-07-25,C300,218.5650008597511,1540,220,0,100,100,13,0
2024-07-26,C300,216.13194016423304,1540,220,0,100,100,13,0
2024-07-27,C300,185.19203475106158,1540,220,1,500,100,13,0
2024-07-28,C300,144.28526595215817,1540,220,0,100,100,13,0
2024-07-29,C300,220.66451912213407,1540,220,0,100,100,13,0
2024-07-30,C300,208.51477075848067,1540,220,0,100,100,13,0
2024-07-31,C300,239.706605789255,1540,220,1,500,100,13,0
2024-08-01,C300,209.8932938599539,1540,220,0,100,100,13,0
2024-08-02,C300,203.8489263773893,1540,220,0,100,100,13,0
2024-08-03,C300,143.41289321846529,1540,220,0,100,100,13,0
2024-08-04,C300,189.5592984307346,1540,220,0,100,100,13,0
2024-08-05,C300,212.55088426005045,1540,220,0,100,100,13,0
2024-08-06,C300,194.66512410016475,1540,220,0,100,100,13,0
2024-08-07,C300,214.9373973513413,1540,220,0,100,100,13,0
2024-08-08,C300,243.4099531060749,1540,220,0,100,100,13,0
2024-08-09,C300,214.50293235223864,1540,220,1,500,100,13,0
2024-08-10,C300,156.34374694322267,1540,220,0,100,100,13,0
2024-08-11,C300,157.09570597617702,1540,220,0,100,100,13,0
2024-08-12,C300,211.3833482014189,1540,220,0,100,100,13,0
2024-08-13,C300,174.27350777549515,1540,220,0,100,100,13,0
2024-08-14,C300,208.6746903861336,1540,220,0,100,100,13,0
2024-08-15,C300,176.02235372882757,1540,220,0,100,100,13,0
2024-08-16,C300,206.83783246610435,1540,220,1,500,100,13,0
2024-08-17,C300,161.74195187023074,1540,220,0,100,100,13,0
2024-08-18,C300,145.79159688341596,1540,220,0,100,100,13,0
2024-08-19,C300,191.4793797716718,1540,220,0,100,100,13,0
2024-08-20,C300,197.08942698116076,1540,220,0,100,100,13,0
2024-08-21,C300,145.2975865672567,1540,220,0,100,100,13,0
2024-08-22,C300,174.75401591674353,1540,220,0,100,100,13,0
2024-08-23,C300,187.0216216716013,1540,220,0,100,100,13,0
2024-08-24,C300,178.33885744702133,1540,220,0,100,100,13,0
2024-08-25,C300,174.4319781000198,1540,220,0,100,100,13,0
2024-08-26,C300,162.43015499725078,1540,220,0,100,100,13,0
2024-08-27,C300,179.0537713760351,1540,220,0,100,100,13,0
2024-08-28,C300,194.89330853313263,1540,220,0,100,100,13,0
2024-08-29,C300,222.0832908921739,1540,220,1,500,100,13,0
2024-08-30,C300,163.10165943561907,1540,220,0,100,100,13,0
2024-08-31,C300,153.30391055611994,1540,220,0,100,100,13,0
2024-09-01,C300,163.5675045233008,1540,220,0,100,100,13,0
2024-09-02,C300,157.37520144666212,1540,220,0,100,100,13,0
2024-09-03,C300,195.54933719718295,1540,220,0,100,100,13,0
2024-09-04,C300,183.80749747831715,1540,220,0,100,100,13,0
2024-09-05,C300,195.88903325071166,1540,220,0,100,100,13,0
2024-09-06,C300,177.95775326653452,1540,220,0,100,100,13,0
2024-09-07,C300,197.73180310270604,1540,220,0,100,100,13,0
2024-09-08,C300,161.14150980920408,1540,220,0,100,100,13,0
2024-09-09,C300,197.79487542758406,1540,220,0,100,100,13,0
2024-09-10,C300,238.00120509173271,1540,220,1,500,100,13,0
2024-09-11,C300,173.74877709429495,1540,220,0,100,100,13,0
2024-09-12,C300,184.5798927578964,1540,220,0,100,100,13,0
2024-09-13,C300,162.56374876972532,1540,220,0,100,100,13,0
2024-09-14,C300,193.89114119897062,1540,220,0,100,100,13,0
2024-09-15,C300,162.63987108130763,1540,220,0,100,100,13,0
2024-09-16,C300,156.84625638926303,1540,220,0,100,100,13,0
2024-09-17,C300,212.49065107300743,1540,220,0,100,100,13,0
2024-09-18,C300,217.87322547383775,1540,220,1,500,100,13,0
2024-09-19,C300,199.60139803668244,1540,220,0,100,100,13,0
2024-09-20,C300,135.3566469602553,1540,220,0,100,100,13,0
2024-09-21,C300,217.24606502704455,1540,220,1,500,100,13,0
2024-09-22,C300,160.6464460104474,1540,220,0,100,100,13,0
2024-09-23,C300,153.98456082366573,1540,220,0,100,100,13,0
2024-09-24,C300,186.45920493549136,1540,220,0,100,100,13,0
2024-09-25,C300,215.81445885903398,1540,220,0,100,100,13,0
2024-09-26,C300,161.52740324134612,1540,220,0,100,100,13,0
2024-09-27,C300,161.15829546356576,1540,220,0,100,100,13,0
2024-09-28,C300,182.07862471908447,1540,220,1,500,100,13,0
2024-09-29,C300,151.34123578222074,1540,220,0,100,100,13,0
2024-09-30,C300,200.67563189137664,1540,220,0,100,100,13,0
2024-10-01,C300,188.18161406201503,1540,220,0,100,100,13,0
2024-10-02,C300,171.0586168003172,1540,220,0,100,100,13,0
2024-10-03,C300,183.68637799211268,1540,220,0,100,100,13,0
2024-10-04,C300,220.7187190773729,1540,220,0,100,100,13,0
2024-10-05,C300,166.44868788521532,1540,220,0,100,100,13,0
2024-10-06,C300,147.48108434339522,1540,220,0,100,100,13,0
2024-10-07,C300,170.6173814431817,1540,220,0,100,100,13,0
2024-10-08,C300,182.48016884378785,1540,220,0,100,100,13,0
2024-10-09,C300,200.856720200029,1540,220,0,100,100,13,0
2024-10-10,C300,158.62435440953604,1540,220,0,100,100,13,0
2024-10-11,C300,197.1482375864867,1540,220,0,100,100,13,0
2024-10-12,C300,185.17249984803644,1540,220,1,500,100,13,0
2024-10-13,C300,151.3738111229093,1540,220,0,100,100,13,0
2024-10-14,C300,244.20498243585467,1540,220,0,100,100,13,0
2024-10-15,C300,194.96139871362234,1540,220,0,100,100,13,0
2024-10-16,C300,164.8676670007204,1540,220,0,100,100,13,0
2024-10-17,C300,188.50289882558891,1540,220,0,100,100,13,0
2024-10-18,C300,203.8506128683345,1540,220,0,100,100,13,0
2024-10-19,C300,169.38711200247275,1540,220,0,100,100,13,0
2024-10-20,C300,99.11338178697,1540,220,0,100,100,13,0
2024-10-21,C300,105.67707644000697,1540,220,0,100,100,13,0
2024-10-22,C300,178.90274134202136,1540,220,0,100,100,13,0
2024-10-23,C300,191.19555746345196,1540,220,0,100,100,13,0
2024-10-24,C300,189.32259848987746,1540,220,0,100,100,13,0
2024-10-25,C300,169.1581156770584,1540,220,0,100,100,13,0
2024-10-26,C300,171.5615009272782,1540,220,0,100,100,13,0
2024-10-27,C300,183.4010792101875,1540,220,0,100,100,13,0
2024-10-28,C300,141.03489124075455,1540,220,0,100,100,13,0
2024-10-29,C300,139.33066455185127,1540,220,0,100,100,13,0
2024-10-30,C300,192.1399333326367,1540,220,0,100,100,13,0
2024-10-31,C300,202.64980468986874,1540,220,0,100,100,13,0
2024-11-01,C300,168.05327503126182,1540,220,0,100,100,13,0
2024-11-02,C300,104.01305279726103,1540,220,0,100,100,13,0
2024-11-03,C300,156.0339214138053,1540,220,0,100,100,13,0
2024-11-04,C300,193.76627213928617,1540,220,0,100,100,13,0
2024-11-05,C300,177.21994185257992,1540,220,0,100,100,13,0
2024-11-06,C300,211.09754808789845,1540,220,0,100,100,13,0
2024-11-07,C300,193.48415902436813,1540,220,0,100,100,13,0
2024-11-08,C300,168.49129652715683,1540,220,0,100,100,13,0
2024-11-09,C300,143.47773472705688,1540,220,0,100,100,13,0
2024-11-10,C300,198.932277536953,1540,220,1,500,100,13,0
2024-11-11,C300,178.36156640983157,1540,220,0,100,100,13,0
2024-11-12,C300,144.08136540351194,1540,220,0,100,100,13,0
2024-11-13,C300,194.15893994476485,1540,220,0,100,100,13,0
2024-11-14,C300,174.54068461926008,1540,220,0,100,100,13,0
2024-11-15,C300,179.080461202963,1540,220,0,100,100,13,0
2024-11-16,C300,134.96834754166062,1540,220,0,100,100,13,0
2024-11-17,C300,202.13260267083706,1540,220,0,100,100,13,0
2024-11-18,C300,206.62239981715197,1540,220,0,100,100,13,0
2024-11-19,C300,239.15013088686146,1540,220,0,100,100,13,0
2024-11-20,C300,184.80880185193112,1540,220,0,100,100,13,0
2024-11-21,C300,209.89305489143575,1540,220,0,100,100,13,0
2024-11-22,C300,199.65895313726148,1540,220,0,100,100,13,0
2024-11-23,C300,148.48954118609646,1540,220,0,100,100,13,0
2024-11-24,C300,157.80528550323822,1540,220,0,100,100,13,0
2024-11-25,C300,210.73357562315869,1540,220,0,100,100,13,0
2024-11-26,C300,169.28372389430277,1540,220,0,100,100,13,0
2024-11-27,C300,222.9211499245987,1540,220,0,100,100,13,0
2024-11-28,C300,201.22459935465628,1540,220,0,100,100,13,0
2024-11-29,C300,220.3631720468527,1540,220,0,100,100,13,0
2024-11-30,C300,178.51169418012435,1540,220,0,100,100,13,0
2024-12-01,C300,129.14444386311564,1540,220,0,100,100,13,0
2024-12-02,C300,249.10257899244854,1540,220,1,500,100,13,0
2024-12-03,C300,277.51206156274844,1540,220,1,500,100,13,0
2024-12-04,C300,204.82031941464717,1540,220,0,100,100,13,0
2024-12-05,C300,201.92565434128517,1540,220,0,100,100,13,0
2024-12-06,C300,206.1683200620247,1540,220,0,100,100,13,0
2024-12-07,C300,127.28090099747502,1540,220,0,100,100,13,0
2024-12-08,C300,203.3227483002661,1540,220,0,100,100,13,0
2024-12-09,C300,147.3120563135745,1540,220,0,100,100,13,0
2024-12-10,C300,241.16840837055784,1540,220,0,100,100,13,0
2024-12-11,C300,196.82069595866852,1540,220,0,100,100,13,0
2024-12-12,C300,218.35175966362272,1540,220,0,100,100,13,0
2024-12-13,C300,160.09639903788354,1540,220,0,100,100,13,0
2024-12-14,C300,196.89521774044093,1540,220,0,100,100,13,0
2024-12-15,C300,192.70581127692003,1540,220,0,100,100,13,0
2024-12-16,C300,223.06881056409173,1540,220,0,100,100,13,0
2024-12-17,C300,162.04239613221569,1540,220,0,100,100,13,0
2024-12-18,C300,191.36575718655035,1540,220,0,100,100,13,0
2024-12-19,C300,221.78466854481576,1540,220,0,100,100,13,0
2024-12-20,C300,241.773439295051,1540,220,0,100,100,13,0
2024-12-21,C300,158.04293675750858,1540,220,0,100,100,13,0
2024-12-22,C300,159.32723900861444,1540,220,0,100,100,13,0
2024-12-23,C300,276.6535943766913,1540,220,1,500,100,13,0
2024-12-24,C300,278.93528485360775,1540,220,0,100,100,13,0
2024-12-25,C300,200.30507334119088,1540,220,0,100,100,13,0
2024-12-26,C300,207.61382881787839,1540,220,0,100,100,13,0
2024-12-27,C300,204.6814773016662,1540,220,0,100,100,13,0
2024-12-28,C300,182.78118120092265,1540,220,0,100,100,13,0
2024-12-29,C300,217.97569749936537,1540,220,0,100,100,13,0
2024-12-30,C300,218.3759850015293,1540,220,0,100,100,13,0
2024-12-31,C300,287.58362149467234,1540,220,0,100,100,13,0
2025-01-01,C300,223.83933563823925,1540,220,0,100,100,13,0
2025-01-02,C300,256.10885348895084,1540,220,0,100,100,13,0
2025-01-03,C300,214.9221285658661,1540,220,0,100,100,13,0
2025-01-04,C300,158.31734070349933,1540,220,0,100,100,13,0
2025-01-05,C300,188.7361516561787,1540,220,0,100,100,13,0
2025-01-06,C300,238.6835907279258,1540,220,0,100,100,13,0
2025-01-07,C300,206.06686645441079,1540,220,0,100,100,13,0
2025-01-08,C300,255.7786709823011,1540,220,0,100,100,13,0
2025-01-09,C300,215.10227940253316,1540,220,0,100,100,13,0
2025-01-10,C300,201.30795447731708,1540,220,0,100,100,13,0
2025-01-11,C300,254.03311557826518,1540,220,0,100,100,13,0
2025-01-12,C300,174.1896424099528,1540,220,0,100,100,13,0
2025-01-13,C300,217.34974475048003,1540,220,0,100,100,13,0
2025-01-14,C300,249.00190441796298,1540,220,0,100,100,13,0
2025-01-15,C300,223.0200900347125,1540,220,0,100,100,13,0
2025-01-16,C300,206.57285016711367,1540,220,0,100,100,13,0
2025-01-17,C300,217.83826288204654,1540,220,0,100,100,13,0
2025-01-18,C300,248.34975644083227,1540,220,0,100,100,13,0
2025-01-19,C300,214.11878711850403,1540,220,0,100,100,13,0
2025-01-20,C300,255.19660316445098,1540,220,0,100,100,13,0
2025-01-21,C300,301.6348461665216,1540,220,1,500,100,13,0
2025-01-22,C300,247.8327217657887,1540,220,0,100,100,13,0
2025-01-23,C300,286.0955038831729,1540,220,1,500,100,13,0
2025-01-24,C300,241.51473366357948,1540,220,0,100,100,13,0
2025-01-25,C300,152.68720062218324,1540,220,0,100,100,13,0
2025-01-26,C300,228.66050940302006,1540,220,0,100,100,13,0
2025-01-27,C300,229.3819632462818,1540,220,0,100,100,13,0
2025-01-28,C300,211.09463338937366,1540,220,0,100,100,13,0
2025-01-29,C300,246.3922880579474,1540,220,0,100,100,13,0
2025-01-30,C300,297.5225989073467,1540,220,1,500,100,13,0
2025-01-31,C300,266.8240294120482,1540,220,0,100,100,13,0
2025-02-01,C300,205.64879926795493,1540,220,0,100,100,13,0
2025-02-02,C300,191.7349988643134,1540,220,0,100,100,13,0
2025-02-03,C300,243.9943807210546,1540,220,0,100,100,13,0
2025-02-04,C300,282.9115072596201,1540,220,0,100,100,13,0
2025-02-05,C300,270.9411607626612,1540,220,0,100,100,13,0
2025-02-06,C300,261.1928389619385,1540,220,0,100,100,13,0
2025-02-07,C300,273.3979003204493,1540,220,0,100,100,13,0
2025-02-08,C300,227.37322781827226,1540,220,0,100,100,13,0
2025-02-09,C300,188.53700688270553,1540,220,0,100,100,13,0
2025-02-10,C300,269.10551457755906,1540,220,0,100,100,13,0
2025-02-11,C300,279.10892482158295,1540,220,0,100,100,13,0
2025-02-12,C300,281.31715668588134,1540,220,0,100,100,13,0
2025-02-13,C300,222.83710405219668,1540,220,0,100,100,13,0
2025-02-14,C300,238.42263168651556,1540,220,0,100,100,13,0
2025-02-15,C300,197.5629464425977,1540,220,0,100,100,13,0
2025-02-16,C300,206.46075064532175,1540,220,0,100,100,13,0
2025-02-17,C300,264.5050707289768,1540,220,0,100,100,13,0
2025-02-18,C300,257.5287528745043,1540,220,0,100,100,13,0
2025-02-19,C300,258.03511196353344,1540,220,0,100,100,13,0
2025-02-20,C300,220.06145948626488,1540,220,0,100,100,13,0
2025-02-21,C300,304.63908532889087,1540,220,1,500,100,13,0
2025-02-22,C300,250.39155792782378,1540,220,0,100,100,13,0
2025-02-23,C300,246.84282047294997,1540,220,0,100,100,13,0
2025-02-24,C300,254.3452878073981,1540,220,0,100,100,13,0
2025-02-25,C300,276.7868851535184,1540,220,0,100,100,13,0
2025-02-26,C300,266.27413779697144,1540,220,0,100,100,13,0
2025-02-27,C300,280.6568476988181,1540,220,0,100,100,13,0
2025-02-28,C300,279.25380221899013,1540,220,0,100,100,13,0
2025-03-01,C300,271.85904613132794,1540,220,0,100,100,13,0
2025-03-02,C300,220.10729143188837,1540,220,0,100,100,13,0
2025-03-03,C300,273.73195057980047,1540,220,0,100,100,13,0
2025-03-04,C300,270.33520011038945,1540,220,0,100,100,13,0
2025-03-05,C300,260.5890719250343,1540,220,0,100,100,13,0
2025-03-06,C300,255.2886814529337,1540,220,0,100,100,13,0
2025-03-07,C300,305.25202707303447,1540,220,0,100,100,13,0
2025-03-08,C300,222.5653649008456,1540,220,0,100,100,13,0
2025-03-09,C300,240.35169990359438,1540,220,0,100,100,13,0
2025-03-10,C300,303.6851951668483,1540,220,0,100,100,13,0
2025-03-11,C300,341.50775709005757,1540,220,1,500,100,13,0
2025-03-12,C300,275.2807725258702,1540,220,0,100,100,13,0
2025-03-13,C300,263.13226188761706,1540,220,0,100,100,13,0
2025-03-14,C300,273.765524669946,1540,220,0,100,100,13,0
2025-03-15,C300,216.35171214890838,1540,220,0,100,100,13,0
2025-03-16,C300,294.4955496133949,1540,220,0,100,100,13,0
2025-03-17,C300,229.23227550030285,1540,220,0,100,100,13,0
2025-03-18,C300,259.9462865095431,1540,220,0,100,100,13,0
2025-03-19,C300,278.46033605033404,1540,220,0,100,100,13,0
2025-03-20,C300,342.73481808618004,1540,220,1,500,100,13,0
2025-03-21,C300,256.7246425356862,1540,220,0,100,100,13,0
2025-03-22,C300,181.98972723804687,1540,220,0,100,100,13,0
2025-03-23,C300,250.2920590381245,1540,220,1,500,100,13,0
2025-03-24,C300,270.0282891728629,1540,220,0,100,100,13,0
2025-03-25,C300,215.08544327205277,1540,220,0,100,100,13,0
2025-03-26,C300,281.24972166967007,1540,220,0,100,100,13,0
2025-03-27,C300,296.14660451507746,1540,220,0,100,100,13,0
2025-03-28,C300,286.14328407422266,1540,220,0,100,100,13,0
2025-03-29,C300,308.11517845786864,1540,220,1,500,100,13,0
2025-03-30,C300,164.35852178174457,1540,220,0,100,100,13,0
2025-03-31,C300,216.25328980359848,1540,220,0,100,100,13,0
2025-04-01,C300,258.5405791108616,1540,220,0,100,100,13,0
2025-04-02,C300,239.92840519996764,1540,220,0,100,100,13,0
2025-04-03,C300,225.74481524168937,1540,220,0,100,100,13,0
2025-04-04,C300,253.14877851642493,1540,220,0,100,100,13,0
2025-04-05,C300,266.4311110987978,1540,220,0,100,100,13,0
2025-04-06,C300,274.64006392298955,1540,220,0,100,100,13,0
2025-04-07,C300,242.7185279156822,1540,220,0,100,100,13,0
2025-04-08,C300,266.90456401945767,1540,220,0,100,100,13,0
2025-04-09,C300,275.16628369115574,1540,220,0,100,100,13,0
2025-04-10,C300,258.2327419831106,1540,220,0,100,100,13,0
2025-04-11,C300,297.83166598893797,1540,220,0,100,100,13,0
2025-04-12,C300,269.2841930592387,1540,220,1,500,100,13,0
2025-04-13,C300,209.0272431403107,1540,220,0,100,100,13,0
2025-04-14,C300,243.14626274800597,1540,220,0,100,100,13,0
2025-04-15,C300,257.331711990386,1540,220,0,100,100,13,0
2025-04-16,C300,197.16386093255153,1540,220,0,100,100,13,0
2025-04-17,C300,258.14781522267157,1540,220,0,100,100,13,0
2025-04-18,C300,266.9768140374189,1540,220,0,100,100,13,0
2025-04-19,C300,166.6117910871106,1540,220,0,100,100,13,0
2025-04-20,C300,228.89973217244633,1540,220,0,100,100,13,0
2025-04-21,C300,235.99335067937747,1540,220,0,100,100,13,0
2025-04-22,C300,267.15381275902934,1540,220,0,100,100,13,0
2025-04-23,C300,266.33683658809997,1540,220,0,100,100,13,0
2025-04-24,C300,266.63439486426824,1540,220,0,100,100,13,0
2025-04-25,C300,283.2080954528749,1540,220,0,100,100,13,0
2025-04-26,C300,142.25199206093959,1540,220,0,100,100,13,0
2025-04-27,C300,194.31573120438998,1540,220,0,100,100,13,0
2025-04-28,C300,254.4683773309225,1540,220,0,100,100,13,0
2025-04-29,C300,215.78745239291666,1540,220,0,100,100,13,0
2025-04-30,C300,278.9021912577607,1540,220,0,100,100,13,0
2025-05-01,C300,300.0769592862788,1540,220,1,500,100,13,0
2025-05-02,C300,285.09476062020235,1540,220,0,100,100,13,0
2025-05-03,C300,247.08180678688078,1540,220,0,100,100,13,0
2025-05-04,C300,216.11144962405945,1540,220,0,100,100,13,0
2025-05-05,C300,252.942929182123,1540,220,0,100,100,13,0
2025-05-06,C300,221.1151045195427,1540,220,0,100,100,13,0
2025-05-07,C300,258.3155666974226,1540,220,0,100,100,13,0
2025-05-08,C300,278.0876822326738,1540,220,0,100,100,13,0
2025-05-09,C300,264.2248418494705,1540,220,0,100,100,13,0
2025-05-10,C300,254.43321044389637,1540,220,0,100,100,13,0
2025-05-11,C300,208.05274561312686,1540,220,0,100,100,13,0
2025-05-12,C300,245.65798021999245,1540,220,0,100,100,13,0
2025-05-13,C300,231.85146076915962,1540,220,0,100,100,13,0
2025-05-14,C300,308.9757975871149,1540,220,0,100,100,13,0
2025-05-15,C300,216.65633505773434,1540,220,0,100,100,13,0
2025-05-16,C300,272.1281731658762,1540,220,0,100,100,13,0
2025-05-17,C300,236.57990883469384,1540,220,0,100,100,13,0
2025-05-18,C300,234.90097027392355,1540,220,0,100,100,13,0
2025-05-19,C300,230.6686674994281,1540,220,0,100,100,13,0
2025-05-20,C300,217.84654215664187,1540,220,0,100,100,13,0
2025-05-21,C300,246.33758547476518,1540,220,0,100,100,13,0
2025-05-22,C300,264.7053522913518,1540,220,0,100,100,13,0
2025-05-23,C300,233.54982689552313,1540,220,0,100,100,13,0
2025-05-24,C300,203.88718788154338,1540,220,0,100,100,13,0
2025-05-25,C300,195.80442693548352,1540,220,0,100,100,13,0
2025-05-26,C300,250.02800388956643,1540,220,0,100,100,13,0
2025-05-27,C300,247.68574230772282,1540,220,0,100,100,13,0
2025-05-28,C300,288.0566712117722,1540,220,0,100,100,13,0
2025-05-29,C300,261.05670271944274,1540,220,0,100,100,13,0
2025-05-30,C300,212.97838802626592,1540,220,0,100,100,13,0
2025-05-31,C300,177.7428360378801,1540,220,0,100,100,13,0
2025-06-01,C300,226.80451361632464,1540,220,0,100,100,13,0
2025-06-02,C300,243.56397046507598,1540,220,0,100,100,13,0
2025-06-03,C300,295.06599427612775,1540,220,0,100,100,13,0
2025-06-04,C300,294.29923730405557,1540,220,0,100,100,13,0
2025-06-05,C300,218.00800810065857,1540,220,0,100,100,13,0
2025-06-06,C300,248.33375902524392,1540,220,0,100,100,13,0
2025-06-07,C300,174.04620635709855,1540,220,0,100,100,13,0
2025-06-08,C300,272.7529997810393,1540,220,1,500,100,13,0
2025-06-09,C300,284.5336198483599,1540,220,0,100,100,13,0
2025-06-10,C300,241.77002234488342,1540,220,0,100,100,13,0
2025-06-11,C300,226.4406939318958,1540,220,0,100,100,13,0
2025-06-12,C300,246.83521290115334,1540,220,0,100,100,13,0
2025-06-13,C300,260.0215919500255,1540,220,0,100,100,13,0
2025-06-14,C300,224.52602645145032,1540,220,0,100,100,13,0
2025-06-15,C300,188.98146853262259,1540,220,0,100,100,13,0
2025-06-16,C300,216.90246825223346,1540,220,0,100,100,13,0
2025-06-17,C300,239.06899581180795,1540,220,0,100,100,13,0
2025-06-18,C300,223.29537159102372,1540,220,0,100,100,13,0
2025-06-19,C300,263.93327876760173,1540,220,0,100,100,13,0
2025-06-20,C300,221.51707204252546,1540,220,0,100,100,13,0
2025-06-21,C300,197.64883628257806,1540,220,0,100,100,13,0
2025-06-22,C300,204.74894368172798,1540,220,0,100,100,13,0
2025-06-23,C300,191.82461179499342,1540,220,0,100,100,13,0
2025-06-24,C300,212.9994918778485,1540,220,0,100,100,13,0
2025-06-25,C300,334.0140723955198,1540,220,1,500,100,13,0
2025-06-26,C300,249.18106897869512,1540,220,0,100,100,13,0
2025-06-27,C300,271.8125775566273,1540,220,1,500,100,13,0
2025-06-28,C300,209.9686494083141,1540,220,0,100,100,13,0
2025-06-29,C300,222.63860449225322,1540,220,0,100,100,13,0
2025-06-30,C300,217.48684366287878,1540,220,0,100,100,13,0
2025-07-01,C300,244.0191535349823,1540,220,0,100,100,13,0
2025-07-02,C300,239.14804390597646,1540,220,0,100,100,13,0
2025-07-03,C300,191.01132652723223,1540,220,0,100,100,13,0
2025-07-04,C300,214.59994077850644,1540,220,0,100,100,13,0
2025-07-05,C300,229.04151890907644,1540,220,0,100,100,13,0
2025-07-06,C300,235.98485936752334,1540,220,0,100,100,13,0
2025-07-07,C300,241.10463508077223,1540,220,0,100,100,13,0
2025-07-08,C300,201.5989768223462,1540,220,0,100,100,13,0
2025-07-09,C300,160.03481185501613,1540,220,0,100,100,13,0
2025-07-10,C300,196.74371697663668,1540,220,0,100,100,13,0
2025-07-11,C300,181.78346764324564,1540,220,0,100,100,13,0
2025-07-12,C300,226.9166068191821,1540,220,0,100,100,13,0
2025-07-13,C300,135.88138684904243,1540,220,0,100,100,13,0
2025-07-14,C300,183.39682162391045,1540,220,0,100,100,13,0
2025-07-15,C300,217.5315277148128,1540,220,0,100,100,13,0
2025-07-16,C300,211.14594808812348,1540,220,0,100,100,13,0
2025-07-17,C300,251.1138633570064,1540,220,0,100,100,13,0
2025-07-18,C300,225.45225617864764,1540,220,0,100,100,13,0
2025-07-19,C300,174.22391422409302,1540,220,0,100,100,13,0
2025-07-20,C300,210.38375683666143,1540,220,0,100,100,13,0
2025-07-21,C300,197.3305036237809,1540,220,0,100,100,13,0
2025-07-22,C300,250.06493873773871,1540,220,0,100,100,13,0
2025-07-23,C300,183.91343744719947,1540,220,0,100,100,13,0
2025-07-24,C300,134.64485337033676,1540,220,0,100,100,13,0
2025-07-25,C300,203.74236955312944,1540,220,0,100,100,13,0
2025-07-26,C300,120.52266446398117,1540,220,0,100,100,13,0
2025-07-27,C300,197.84370688834477,1540,220,0,100,100,13,0
2025-07-28,C300,206.76493102575134,1540,220,0,100,100,13,0
2025-07-29,C300,245.29670467203516,1540,220,0,100,100,13,0
2025-07-30,C300,194.83527579856232,1540,220,0,100,100,13,0
2025-07-31,C300,163.68450021138239,1540,220,0,100,100,13,0
2025-08-01,C300,212.0947382754267,1540,220,0,100,100,13,0
2025-08-02,C300,155.74896226484233,1540,220,0,100,100,13,0
2025-08-03,C300,189.62898857210718,1540,220,0,100,100,13,0
2025-08-04,C300,176.33815650877193,1540,220,0,100,100,13,0
2025-08-05,C300,234.8190473652111,1540,220,0,100,100,13,0
2025-08-06,C300,198.6790694651621,1540,220,0,100,100,13,0
2025-08-07,C300,192.56605503038566,1540,220,0,100,100,13,0
2025-08-08,C300,230.86387372697766,1540,220,0,100,100,13,0
2025-08-09,C300,191.15350450844258,1540,220,0,100,100,13,0
2025-08-10,C300,147.04709874054038,1540,220,0,100,100,13,0
2025-08-11,C300,218.07687677082578,1540,220,0,100,100,13,0
2025-08-12,C300,211.35532913250194,1540,220,0,100,100,13,0
2025-08-13,C300,190.47118497033833,1540,220,0,100,100,13,0
2025-08-14,C300,213.99921341013248,1540,220,0,100,100,13,0
2025-08-15,C300,228.7886731131454,1540,220,0,100,100,13,0
2025-08-16,C300,161.22389105031613,1540,220,0,100,100,13,0
2025-08-17,C300,160.8592746562333,1540,220,0,100,100,13,0
2025-08-18,C300,187.18851604589372,1540,220,0,100,100,13,0
2025-08-19,C300,169.9674417373703,1540,220,0,100,100,13,0
2025-08-20,C300,187.2335424521556,1540,220,0,100,100,13,0
2025-08-21,C300,183.8310639126715,1540,220,0,100,100,13,0
2025-08-22,C300,181.849295223215,1540,220,0,100,100,13,0
2025-08-23,C300,153.16562724535066,1540,220,0,100,100,13,0
2025-08-24,C300,129.9162111347399,1540,220,0,100,100,13,0
2025-08-25,C300,214.57357557687624,1540,220,0,100,100,13,0
2025-08-26,C300,217.38501426501102,1540,220,1,500,100,13,0
2025-08-27,C300,224.66141259152778,1540,220,0,100,100,13,0
2025-08-28,C300,160.76613863798187,1540,220,0,100,100,13,0
2025-08-29,C300,230.75858885902065,1540,220,0,100,100,13,0
2025-08-30,C300,186.81452874402132,1540,220,1,500,100,13,0
2025-08-31,C300,181.36538404478748,1540,220,0,100,100,13,0
2025-09-01,C300,187.5002823277492,1540,220,0,100,100,13,0
2025-09-02,C300,150.70836960357587,1540,220,0,100,100,13,0
2025-09-03,C300,151.56438638380942,1540,220,0,100,100,13,0
2025-09-04,C300,165.77429952755617,1540,220,0,100,100,13,0
2025-09-05,C300,171.80625974102517,1540,220,0,100,100,13,0
2025-09-06,C300,154.34992103013568,1540,220,0,100,100,13,0
2025-09-07,C300,164.0467219384467,1540,220,0,100,100,13,0
2025-09-08,C300,177.29006690746954,1540,220,0,100,100,13,0
2025-09-09,C300,188.95493231828718,1540,220,0,100,100,13,0
2025-09-10,C300,192.99524537144396,1540,220,0,100,100,13,0
2025-09-11,C300,175.32395466219506,1540,220,0,100,100,13,0
2025-09-12,C300,197.94543607590072,1540,220,0,100,100,13,0
2025-09-13,C300,177.10557956415093,1540,220,0,100,100,13,0
2025-09-14,C300,166.0500512213018,1540,220,0,100,100,13,0
2025-09-15,C300,194.07575674693933,1540,220,0,100,100,13,0
2025-09-16,C300,184.88496597355123,1540,220,0,100,100,13,0
2025-09-17,C300,209.80462487061288,1540,220,0,100,100,13,0
2025-09-18,C300,179.0452308804909,1540,220,0,100,100,13,0
2025-09-19,C300,162.49826083613203,1540,220,0,100,100,13,0
2025-09-20,C300,152.99131703751866,1540,220,0,100,100,13,0
2025-09-21,C300,119.9111331580715,1540,220,0,100,100,13,0
2025-09-22,C300,143.48520449525884,1540,220,0,100,100,13,0
2025-09-23,C300,202.28770984716962,1540,220,0,100,100,13,0
2025-09-24,C300,217.77531366341134,1540,220,0,100,100,13,0
2025-09-25,C300,169.94580506916077,1540,220,0,100,100,13,0
2025-09-26,C300,202.3147287445676,1540,220,0,100,100,13,0
2025-09-27,C300,106.9689083409515,1540,220,0,100,100,13,0
2025-09-28,C300,103.13577243067753,1540,220,0,100,100,13,0
2025-09-29,C300,209.41462481007355,1540,220,0,100,100,13,0
2025-09-30,C300,190.96617697611487,1540,220,0,100,100,13,0
2025-10-01,C300,178.06526612993403,1540,220,0,100,100,13,0
2025-10-02,C300,222.49517232388422,1540,220,0,100,100,13,0
2025-10-03,C300,174.3917569383138,1540,220,0,100,100,13,0
2025-10-04,C300,125.3644137497138,1540,220,0,100,100,13,0
2025-10-05,C300,113.47641688738901,1540,220,0,100,100,13,0
2025-10-06,C300,178.8777567662954,1540,220,0,100,100,13,0
2025-10-07,C300,183.626317689797,1540,220,0,100,100,13,0
2025-10-08,C300,173.11412535373287,1540,220,0,100,100,13,0
2025-10-09,C300,203.22727808212966,1540,220,0,100,100,13,0
2025-10-10,C300,214.53206733603844,1540,220,0,100,100,13,0
2025-10-11,C300,181.14027465190952,1540,220,1,500,100,13,0
2025-10-12,C300,107.51417917038948,1540,220,0,100,100,13,0
2025-10-13,C300,186.958436068375,1540,220,0,100,100,13,0
2025-10-14,C300,210.25342398342556,1540,220,0,100,100,13,0
2025-10-15,C300,170.83463927453508,1540,220,0,100,100,13,0
2025-10-16,C300,238.2636403823281,1540,220,1,500,100,13,0
2025-10-17,C300,196.07230420515717,1540,220,1,500,100,13,0
2025-10-18,C300,160.56150526416872,1540,220,0,100,100,13,0
2025-10-19,C300,168.3247651897828,1540,220,0,100,100,13,0
2025-10-20,C300,188.45613477348346,1540,220,0,100,100,13,0
2025-10-21,C300,233.25304334645517,1540,220,0,100,100,13,0
2025-10-22,C300,219.93553612001085,1540,220,0,100,100,13,0
2025-10-23,C300,200.4384289220355,1540,220,0,100,100,13,0
2025-10-24,C300,209.6944051602828,1540,220,0,100,100,13,0
2025-10-25,C300,181.1553589444017,1540,220,0,100,100,13,0
2025-10-26,C300,162.1979571559013,1540,220,0,100,100,13,0
2025-10-27,C300,226.35196184546336,1540,220,1,500,100,13,0
2025-10-28,C300,171.5366060700576,1540,220,0,100,100,13,0
2025-10-29,C300,154.51631210128582,1540,220,0,100,100,13,0
2025-10-30,C300,269.2593053033984,1540,220,1,500,100,13,0
2025-10-31,C300,237.73153065059356,1540,220,0,100,100,13,0
2025-11-01,C300,158.14739338331742,1540,220,0,100,100,13,0
2025-11-02,C300,158.92912539036442,1540,220,0,100,100,13,0
2025-11-03,C300,201.00962833628168,1540,220,0,100,100,13,0
2025-11-04,C300,181.82050761297586,1540,220,0,100,100,13,0
2025-11-05,C300,160.14241639543576,1540,220,0,100,100,13,0
2025-11-06,C300,153.2818398378237,1540,220,0,100,100,13,0
2025-11-07,C300,239.4094202874776,1540,220,0,100,100,13,0
2025-11-08,C300,117.59932813394485,1540,220,0,100,100,13,0
2025-11-09,C300,208.289889718017,1540,220,1,500,100,13,0
2025-11-10,C300,149.0976886292856,1540,220,0,100,100,13,0
2025-11-11,C300,186.26386994924763,1540,220,0,100,100,13,0
2025-11-12,C300,180.33929942940281,1540,220,0,100,100,13,0
2025-11-13,C300,154.07938250403055,1540,220,0,100,100,13,0
2025-11-14,C300,207.09797949638772,1540,220,0,100,100,13,0
2025-11-15,C300,135.0103068457716,1540,220,0,100,100,13,0
2025-11-16,C300,124.26597651109665,1540,220,0,100,100,13,0
2025-11-17,C300,211.743737335191,1540,220,0,100,100,13,0
2025-11-18,C300,183.62692648268185,1540,220,0,100,100,13,0
2025-11-19,C300,173.64606539729633,1540,220,0,100,100,13,0
2025-11-20,C300,215.16457498759084,1540,220,0,100,100,13,0
2025-11-21,C300,165.45015875673897,1540,220,0,100,100,13,0
2025-11-22,C300,121.45105394317238,1540,220,0,100,100,13,0
2025-11-23,C300,200.0417517559398,1540,220,0,100,100,13,0
2025-11-24,C300,243.6107944248778,1540,220,0,100,100,13,0
2025-11-25,C300,193.3562964268057,1540,220,0,100,100,13,0
2025-11-26,C300,124.36804129444626,1540,220,0,100,100,13,0
2025-11-27,C300,194.2567499262447,1540,220,0,100,100,13,0
2025-11-28,C300,221.65040411336034,1540,220,0,100,100,13,0
2025-11-29,C300,200.09183177665338,1540,220,0,100,100,13,0
2025-11-30,C300,143.97157115693562,1540,220,0,100,100,13,0
2025-12-01,C300,192.76990955880996,1540,220,0,100,100,13,0
2025-12-02,C300,207.77536424472842,1540,220,0,100,100,13,0
2025-12-03,C300,223.22622629277666,1540,220,0,100,100,13,0
2025-12-04,C300,220.8085997368018,1540,220,0,100,100,13,0
2025-12-05,C300,216.86880528032196,1540,220,0,100,100,13,0
2025-12-06,C300,246.79029278727708,1540,220,1,500,100,13,0
2025-12-07,C300,172.72455489296277,1540,220,0,100,100,13,0
2025-12-08,C300,245.68615875002925,1540,220,0,100,100,13,0
2025-12-09,C300,191.5932707129566,1540,220,0,100,100,13,0
2025-12-10,C300,225.40261036410774,1540,220,0,100,100,13,0
2025-12-11,C300,196.4833138242039,1540,220,0,100,100,13,0
2025-12-12,C300,205.12128212696865,1540,220,0,100,100,13,0
2025-12-13,C300,178.8571306753451,1540,220,0,100,100,13,0
2025-12-14,C300,166.1535866953356,1540,220,0,100,100,13,0
2025-12-15,C300,241.88500557687985,1540,220,0,100,100,13,0
2025-12-16,C300,201.29615892743269,1540,220,0,100,100,13,0
2025-12-17,C300,263.7104044409023,1540,220,1,500,100,13,0
2025-12-18,C300,227.81765682942762,1540,220,0,100,100,13,0
2025-12-19,C300,279.26603300619,1540,220,0,100,100,13,0
2025-12-20,C300,198.58153984712928,1540,220,0,100,100,13,0
2025-12-21,C300,184.76183652525168,1540,220,0,100,100,13,0
2025-12-22,C300,167.11885910364558,1540,220,0,100,100,13,0
2025-12-23,C300,212.5167317420312,1540,220,0,100,100,13,0
2025-12-24,C300,200.15654647104824,1540,220,0,100,100,13,0
2025-12-25,C300,263.41079174688394,1540,220,1,500,100,13,0
2025-12-26,C300,207.01567511243582,1540,220,0,100,100,13,0
2025-12-27,C300,201.74874539225874,1540,220,0,100,100,13,0
2025-12-28,C300,183.1057528789832,1540,220,0,100,100,13,0
2025-12-29,C300,198.02336178149284,1540,220,0,100,100,13,0
2025-12-30,C300,245.73177373602942,1540,220,0,100,100,13,0
2025-12-31,C300,190.91078930345378,1540,220,0,100,100,13,0
