0,1
"('S001', 'P0001')","0      115
1       84
2      132
3       67
4      110
      ... 
755     72
756     99
757    139
758    112
759    111
Name: Demand, Length: 760, dtype: int64"
"('S001', 'P0002')","760     229
761     175
762     137
763     116
764      89
       ... 
1515    144
1516    125
1517    114
1518     64
1519    119
Name: Demand, Length: 760, dtype: int64"
"('S001', 'P0003')","1520    157
1521    156
1522    106
1523     96
1524    131
       ... 
2275     95
2276     69
2277    192
2278    198
2279    137
Name: Demand, Length: 760, dtype: int64"
"('S001', 'P0004')","2280     52
2281     78
2282     63
2283     52
2284     62
       ... 
3035     67
3036    114
3037    108
3038     76
3039     84
Name: Demand, Length: 760, dtype: int64"
"('S001', 'P0005')","3040     59
3041    103
3042    172
3043    129
3044    122
       ... 
3795    166
3796    183
3797     83
3798    123
3799     29
Name: Demand, Length: 760, dtype: int64"
"('S001', 'P0006')","3800     55
3801     65
3802     92
3803     86
3804    125
       ... 
4555     67
4556     80
4557    127
4558    113
4559     96
Name: Demand, Length: 760, dtype: int64"
"('S001', 'P0007')","4560     94
4561    127
4562    101
4563    185
4564    147
       ... 
5315     99
5316    157
5317     92
5318    173
5319     80
Name: Demand, Length: 760, dtype: int64"
"('S001', 'P0008')","5320     61
5321     58
5322     64
5323    119
5324     85
       ... 
6075    112
6076    102
6077    118
6078    109
6079     53
Name: Demand, Length: 760, dtype: int64"
"('S001', 'P0009')","6080    129
6081    126
6082    109
6083    101
6084    140
       ... 
6835    119
6836    198
6837    164
6838    133
6839     84
Name: Demand, Length: 760, dtype: int64"
"('S001', 'P0010')","6840     69
6841    107
6842     82
6843     71
6844     82
       ... 
7595     91
7596     68
7597     82
7598     68
7599     69
Name: Demand, Length: 760, dtype: int64"
"('S001', 'P0011')","7600     64
7601    130
7602     86
7603     70
7604     95
       ... 
8355    106
8356     79
8357     95
8358     65
8359     44
Name: Demand, Length: 760, dtype: int64"
"('S001', 'P0012')","8360    104
8361    187
8362    201
8363    101
8364    101
       ... 
9115    125
9116    159
9117     65
9118    174
9119     86
Name: Demand, Length: 760, dtype: int64"
"('S001', 'P0013')","9120    110
9121    107
9122     64
9123    126
9124     74
       ... 
9875    104
9876     69
9877     57
9878    109
9879    116
Name: Demand, Length: 760, dtype: int64"
"('S001', 'P0014')","9880     165
9881      75
9882     134
9883     133
9884     136
        ... 
10635    116
10636    178
10637     59
10638     77
10639     86
Name: Demand, Length: 760, dtype: int64"
"('S001', 'P0015')","10640     64
10641    110
10642     86
10643     75
10644     37
        ... 
11395    148
11396    144
11397     80
11398     86
11399     83
Name: Demand, Length: 760, dtype: int64"
"('S001', 'P0016')","11400    115
11401     59
11402    193
11403    111
11404    200
        ... 
12155    113
12156     62
12157    140
12158     99
12159     90
Name: Demand, Length: 760, dtype: int64"
"('S001', 'P0017')","12160     75
12161     42
12162     80
12163     62
12164     57
        ... 
12915     77
12916    131
12917    144
12918    108
12919     80
Name: Demand, Length: 760, dtype: int64"
"('S001', 'P0018')","12920     66
12921    144
12922    137
12923    100
12924    136
        ... 
13675    116
13676    156
13677    245
13678    103
13679     70
Name: Demand, Length: 760, dtype: int64"
"('S001', 'P0019')","13680     58
13681     52
13682     68
13683     80
13684     55
        ... 
14435    153
14436     77
14437     80
14438    105
14439     61
Name: Demand, Length: 760, dtype: int64"
"('S001', 'P0020')","14440     43
14441     92
14442     77
14443    110
14444    137
        ... 
15195     69
15196     79
15197    103
15198     72
15199     73
Name: Demand, Length: 760, dtype: int64"
"('S002', 'P0001')","15200    118
15201    137
15202    189
15203    180
15204    154
        ... 
15955    102
15956    150
15957    151
15958     57
15959     87
Name: Demand, Length: 760, dtype: int64"
"('S002', 'P0002')","15960    105
15961     82
15962    100
15963     96
15964     74
        ... 
16715    111
16716    196
16717    104
16718     69
16719     78
Name: Demand, Length: 760, dtype: int64"
"('S002', 'P0003')","16720    171
16721     58
16722     84
16723    139
16724     79
        ... 
17475    159
17476    143
17477    170
17478    102
17479     79
Name: Demand, Length: 760, dtype: int64"
"('S002', 'P0004')","17480    110
17481     59
17482     53
17483     80
17484     65
        ... 
18235    122
18236    111
18237    124
18238    139
18239     73
Name: Demand, Length: 760, dtype: int64"
"('S002', 'P0005')","18240     94
18241    115
18242    150
18243     64
18244    157
        ... 
18995    175
18996    132
18997    101
18998     68
18999    138
Name: Demand, Length: 760, dtype: int64"
"('S002', 'P0006')","19000     88
19001    117
19002    184
19003    106
19004    119
        ... 
19755    121
19756    167
19757    167
19758    100
19759    118
Name: Demand, Length: 760, dtype: int64"
"('S002', 'P0007')","19760     93
19761     95
19762     89
19763    112
19764     64
        ... 
20515     75
20516    174
20517     60
20518    129
20519    109
Name: Demand, Length: 760, dtype: int64"
"('S002', 'P0008')","20520    112
20521    140
20522    154
20523    109
20524    145
        ... 
21275    104
21276    173
21277    124
21278    111
21279     96
Name: Demand, Length: 760, dtype: int64"
"('S002', 'P0009')","21280    145
21281    158
21282    145
21283    161
21284    236
        ... 
22035    135
22036    148
22037    131
22038     85
22039    108
Name: Demand, Length: 760, dtype: int64"
"('S002', 'P0010')","22040    195
22041    234
22042    105
22043     88
22044     76
        ... 
22795    120
22796    159
22797    112
22798    120
22799    107
Name: Demand, Length: 760, dtype: int64"
"('S002', 'P0011')","22800     79
22801    137
22802    144
22803    128
22804    201
        ... 
23555     78
23556     66
23557    121
23558    152
23559     62
Name: Demand, Length: 760, dtype: int64"
"('S002', 'P0012')","23560    122
23561    115
23562    158
23563    140
23564     84
        ... 
24315     49
24316     81
24317     87
24318     77
24319     96
Name: Demand, Length: 760, dtype: int64"
"('S002', 'P0013')","24320    109
24321     75
24322     70
24323     69
24324     73
        ... 
25075    120
25076    117
25077    130
25078     80
25079    129
Name: Demand, Length: 760, dtype: int64"
"('S002', 'P0014')","25080     63
25081    135
25082    113
25083    146
25084    155
        ... 
25835    121
25836    148
25837     37
25838     90
25839    101
Name: Demand, Length: 760, dtype: int64"
"('S002', 'P0015')","25840     96
25841    152
25842    158
25843     95
25844     84
        ... 
26595    206
26596    179
26597     58
26598    122
26599     67
Name: Demand, Length: 760, dtype: int64"
"('S002', 'P0016')","26600    194
26601    159
26602    109
26603    129
26604    161
        ... 
27355    101
27356    110
27357     61
27358    137
27359    105
Name: Demand, Length: 760, dtype: int64"
"('S002', 'P0017')","27360     65
27361     92
27362     87
27363    119
27364     78
        ... 
28115     81
28116     99
28117    124
28118     79
28119     72
Name: Demand, Length: 760, dtype: int64"
"('S002', 'P0018')","28120     79
28121     92
28122    127
28123    214
28124    115
        ... 
28875    179
28876    218
28877    147
28878     85
28879    149
Name: Demand, Length: 760, dtype: int64"
"('S002', 'P0019')","28880     96
28881    101
28882    145
28883    160
28884     90
        ... 
29635    146
29636     79
29637    117
29638    118
29639    118
Name: Demand, Length: 760, dtype: int64"
"('S002', 'P0020')","29640     53
29641     70
29642     22
29643    104
29644     89
        ... 
30395    119
30396     72
30397    134
30398     43
30399     82
Name: Demand, Length: 760, dtype: int64"
"('S003', 'P0001')","30400    112
30401     91
30402    168
30403     95
30404    187
        ... 
31155     81
31156    125
31157    103
31158     55
31159     58
Name: Demand, Length: 760, dtype: int64"
"('S003', 'P0002')","31160     82
31161    154
31162    104
31163    132
31164    133
        ... 
31915     57
31916    112
31917    111
31918    116
31919    112
Name: Demand, Length: 760, dtype: int64"
"('S003', 'P0003')","31920    126
31921    145
31922    175
31923    185
31924    224
        ... 
32675    110
32676     84
32677    164
32678     87
32679    103
Name: Demand, Length: 760, dtype: int64"
"('S003', 'P0004')","32680    158
32681     56
32682     99
32683     55
32684    140
        ... 
33435    189
33436    134
33437    175
33438    100
33439     84
Name: Demand, Length: 760, dtype: int64"
"('S003', 'P0005')","33440     57
33441     75
33442     72
33443    149
33444    107
        ... 
34195     86
34196    109
34197     29
34198     66
34199    130
Name: Demand, Length: 760, dtype: int64"
"('S003', 'P0006')","34200    136
34201     91
34202     40
34203    107
34204     96
        ... 
34955    120
34956    122
34957    111
34958     88
34959    147
Name: Demand, Length: 760, dtype: int64"
"('S003', 'P0007')","34960    142
34961    132
34962    109
34963    170
34964     87
        ... 
35715     83
35716    162
35717    123
35718    113
35719    114
Name: Demand, Length: 760, dtype: int64"
"('S003', 'P0008')","35720     89
35721    156
35722    134
35723    156
35724    202
        ... 
36475    135
36476    149
36477     74
36478    166
36479    114
Name: Demand, Length: 760, dtype: int64"
"('S003', 'P0009')","36480    126
36481    105
36482    131
36483    116
36484    221
        ... 
37235     94
37236    164
37237    103
37238    138
37239    151
Name: Demand, Length: 760, dtype: int64"
"('S003', 'P0010')","37240    106
37241     96
37242    200
37243    138
37244    148
        ... 
37995     18
37996    137
37997    104
37998     94
37999    132
Name: Demand, Length: 760, dtype: int64"
"('S003', 'P0011')","38000    149
38001    163
38002     65
38003    140
38004    217
        ... 
38755     91
38756    101
38757    106
38758    114
38759    134
Name: Demand, Length: 760, dtype: int64"
"('S003', 'P0012')","38760     80
38761     95
38762    148
38763     90
38764    151
        ... 
39515     93
39516    107
39517    112
39518     43
39519     49
Name: Demand, Length: 760, dtype: int64"
"('S003', 'P0013')","39520    176
39521     83
39522    166
39523    166
39524     97
        ... 
40275     52
40276    152
40277    121
40278    109
40279    121
Name: Demand, Length: 760, dtype: int64"
"('S003', 'P0014')","40280     44
40281     50
40282     95
40283    227
40284    179
        ... 
41035    128
41036     65
41037    138
41038     96
41039    157
Name: Demand, Length: 760, dtype: int64"
"('S003', 'P0015')","41040    133
41041    185
41042     47
41043    203
41044     86
        ... 
41795    146
41796    183
41797    126
41798     81
41799    134
Name: Demand, Length: 760, dtype: int64"
"('S003', 'P0016')","41800    108
41801    156
41802    127
41803    112
41804    175
        ... 
42555    157
42556     88
42557     65
42558    111
42559    124
Name: Demand, Length: 760, dtype: int64"
"('S003', 'P0017')","42560     82
42561     42
42562     58
42563    148
42564     77
        ... 
43315    118
43316    117
43317    131
43318     77
43319    118
Name: Demand, Length: 760, dtype: int64"
"('S003', 'P0018')","43320     75
43321     90
43322     70
43323    115
43324     97
        ... 
44075    114
44076     16
44077     97
44078     79
44079     90
Name: Demand, Length: 760, dtype: int64"
"('S003', 'P0019')","44080    123
44081    107
44082    134
44083     99
44084    307
        ... 
44835    114
44836     66
44837    188
44838     81
44839    132
Name: Demand, Length: 760, dtype: int64"
"('S003', 'P0020')","44840     61
44841     92
44842    184
44843    103
44844    180
        ... 
45595     69
45596    114
45597    161
45598    109
45599     96
Name: Demand, Length: 760, dtype: int64"
"('S004', 'P0001')","45600     81
45601    160
45602    207
45603     83
45604    111
        ... 
46355     86
46356    120
46357    175
46358    171
46359    123
Name: Demand, Length: 760, dtype: int64"
"('S004', 'P0002')","46360    112
46361    131
46362     88
46363    164
46364    130
        ... 
47115    108
47116    170
47117     97
47118    137
47119     57
Name: Demand, Length: 760, dtype: int64"
"('S004', 'P0003')","47120    114
47121     81
47122    111
47123    144
47124     52
        ... 
47875    106
47876     73
47877    126
47878     74
47879     59
Name: Demand, Length: 760, dtype: int64"
"('S004', 'P0004')","47880     86
47881     26
47882     90
47883     84
47884     95
        ... 
48635    216
48636    158
48637    136
48638    132
48639    132
Name: Demand, Length: 760, dtype: int64"
"('S004', 'P0005')","48640    183
48641    178
48642    125
48643    150
48644    162
        ... 
49395    151
49396    222
49397    153
49398     56
49399     98
Name: Demand, Length: 760, dtype: int64"
"('S004', 'P0006')","49400     73
49401    134
49402    118
49403    107
49404     78
        ... 
50155    140
50156     87
50157    223
50158    118
50159     98
Name: Demand, Length: 760, dtype: int64"
"('S004', 'P0007')","50160     65
50161    164
50162     88
50163    120
50164     93
        ... 
50915     94
50916    218
50917    156
50918     89
50919    154
Name: Demand, Length: 760, dtype: int64"
"('S004', 'P0008')","50920     80
50921     46
50922     89
50923     75
50924     96
        ... 
51675    109
51676     83
51677     73
51678     83
51679     69
Name: Demand, Length: 760, dtype: int64"
"('S004', 'P0009')","51680     98
51681    142
51682    129
51683    235
51684    107
        ... 
52435    168
52436    175
52437     82
52438     42
52439    127
Name: Demand, Length: 760, dtype: int64"
"('S004', 'P0010')","52440    128
52441    142
52442    124
52443     57
52444    222
        ... 
53195    103
53196    131
53197    122
53198    115
53199    117
Name: Demand, Length: 760, dtype: int64"
"('S004', 'P0011')","53200     61
53201    205
53202    166
53203    104
53204    159
        ... 
53955     88
53956     55
53957     55
53958     97
53959     96
Name: Demand, Length: 760, dtype: int64"
"('S004', 'P0012')","53960    103
53961     84
53962    173
53963    117
53964    158
        ... 
54715     81
54716     51
54717    146
54718    166
54719     91
Name: Demand, Length: 760, dtype: int64"
"('S004', 'P0013')","54720    110
54721    144
54722    113
54723    198
54724    117
        ... 
55475    146
55476    151
55477    146
55478    120
55479     34
Name: Demand, Length: 760, dtype: int64"
"('S004', 'P0014')","55480     70
55481     87
55482     62
55483     28
55484     48
        ... 
56235     85
56236    112
56237    126
56238     83
56239     39
Name: Demand, Length: 760, dtype: int64"
"('S004', 'P0015')","56240     44
56241     65
56242     67
56243     94
56244     54
        ... 
56995     89
56996    131
56997     88
56998     66
56999     40
Name: Demand, Length: 760, dtype: int64"
"('S004', 'P0016')","57000     71
57001     86
57002    102
57003     80
57004     97
        ... 
57755     91
57756     77
57757     87
57758     71
57759     43
Name: Demand, Length: 760, dtype: int64"
"('S004', 'P0017')","57760     85
57761    138
57762    136
57763     54
57764    180
        ... 
58515    135
58516     68
58517    116
58518    132
58519    121
Name: Demand, Length: 760, dtype: int64"
"('S004', 'P0018')","58520     67
58521     87
58522    133
58523    113
58524    114
        ... 
59275     69
59276     84
59277     89
59278     97
59279     66
Name: Demand, Length: 760, dtype: int64"
"('S004', 'P0019')","59280    111
59281    148
59282     75
59283     75
59284     83
        ... 
60035    258
60036     59
60037     58
60038    120
60039    126
Name: Demand, Length: 760, dtype: int64"
"('S004', 'P0020')","60040     76
60041     53
60042     95
60043    150
60044     83
        ... 
60795     74
60796     68
60797     75
60798     63
60799     93
Name: Demand, Length: 760, dtype: int64"
"('S005', 'P0001')","60800     84
60801     75
60802    117
60803     83
60804    161
        ... 
61555    152
61556     68
61557    128
61558    118
61559     99
Name: Demand, Length: 760, dtype: int64"
"('S005', 'P0002')","61560    186
61561    106
61562    104
61563     83
61564     86
        ... 
62315     84
62316     83
62317    115
62318    118
62319    136
Name: Demand, Length: 760, dtype: int64"
"('S005', 'P0003')","62320    143
62321    100
62322    120
62323     59
62324     99
        ... 
63075     80
63076     92
63077    113
63078    100
63079    121
Name: Demand, Length: 760, dtype: int64"
"('S005', 'P0004')","63080    121
63081    119
63082     60
63083     88
63084    102
        ... 
63835    167
63836     69
63837    147
63838     87
63839    115
Name: Demand, Length: 760, dtype: int64"
"('S005', 'P0005')","63840    148
63841     95
63842    130
63843    164
63844     53
        ... 
64595    248
64596    111
64597     98
64598    164
64599    113
Name: Demand, Length: 760, dtype: int64"
"('S005', 'P0006')","64600     67
64601    116
64602    159
64603     80
64604    111
        ... 
65355     76
65356    142
65357    112
65358     78
65359    163
Name: Demand, Length: 760, dtype: int64"
"('S005', 'P0007')","65360     85
65361      4
65362     81
65363    157
65364    112
        ... 
66115     99
66116     92
66117     96
66118    133
66119     56
Name: Demand, Length: 760, dtype: int64"
"('S005', 'P0008')","66120    149
66121     94
66122     58
66123    162
66124    118
        ... 
66875    122
66876    119
66877    133
66878    169
66879     81
Name: Demand, Length: 760, dtype: int64"
"('S005', 'P0009')","66880     94
66881    104
66882    108
66883    146
66884    103
        ... 
67635     62
67636     92
67637     98
67638     67
67639     94
Name: Demand, Length: 760, dtype: int64"
"('S005', 'P0010')","67640    136
67641    182
67642    174
67643    118
67644    157
        ... 
68395     29
68396    108
68397     87
68398     90
68399     78
Name: Demand, Length: 760, dtype: int64"
"('S005', 'P0011')","68400     15
68401     62
68402     93
68403     99
68404    114
        ... 
69155    118
69156     89
69157    112
69158     51
69159     74
Name: Demand, Length: 760, dtype: int64"
"('S005', 'P0012')","69160     84
69161    110
69162    122
69163     41
69164     77
        ... 
69915     65
69916     66
69917     96
69918     71
69919     54
Name: Demand, Length: 760, dtype: int64"
"('S005', 'P0013')","69920    116
69921    118
69922    100
69923    165
69924     54
        ... 
70675    127
70676    175
70677    116
70678    142
70679     97
Name: Demand, Length: 760, dtype: int64"
"('S005', 'P0014')","70680     82
70681     65
70682     95
70683     97
70684     77
        ... 
71435     65
71436     67
71437     85
71438     90
71439    120
Name: Demand, Length: 760, dtype: int64"
"('S005', 'P0015')","71440     93
71441    118
71442    116
71443     92
71444    100
        ... 
72195    151
72196    120
72197    193
72198     94
72199    122
Name: Demand, Length: 760, dtype: int64"
"('S005', 'P0016')","72200     76
72201     81
72202    171
72203     93
72204    134
        ... 
72955     69
72956     48
72957     65
72958    109
72959     64
Name: Demand, Length: 760, dtype: int64"
"('S005', 'P0017')","72960     88
72961     60
72962    115
72963    107
72964     76
        ... 
73715     75
73716    111
73717    106
73718    132
73719    137
Name: Demand, Length: 760, dtype: int64"
"('S005', 'P0018')","73720     88
73721    211
73722     67
73723    112
73724     37
        ... 
74475    135
74476    136
74477    115
74478    202
74479     68
Name: Demand, Length: 760, dtype: int64"
"('S005', 'P0019')","74480    47
74481    61
74482    68
74483    37
74484    75
         ..
75235    89
75236    63
75237    77
75238    63
75239    84
Name: Demand, Length: 760, dtype: int64"
"('S005', 'P0020')","75240    104
75241     68
75242     72
75243    119
75244    108
        ... 
75995    134
75996     38
75997    130
75998    105
75999     73
Name: Demand, Length: 760, dtype: int64"
"('S001', 'P0001')","0      102
1       71
2      142
3       42
4      129
      ... 
755     64
756    100
757    112
758    105
759     68
Name: Units Sold, Length: 760, dtype: int64"
"('S001', 'P0002')","760     117
761     116
762      92
763     113
764      77
       ... 
1515     67
1516     78
1517     99
1518     42
1519     77
Name: Units Sold, Length: 760, dtype: int64"
"('S001', 'P0003')","1520    114
1521    130
1522      3
1523      0
1524    156
       ... 
2275     75
2276     65
2277    153
2278    222
2279    151
Name: Units Sold, Length: 760, dtype: int64"
"('S001', 'P0004')","2280     45
2281     82
2282     55
2283     58
2284     38
       ... 
3035     63
3036    103
3037     76
3038     85
3039     86
Name: Units Sold, Length: 760, dtype: int64"
"('S001', 'P0005')","3040     65
3041     87
3042      0
3043      0
3044     91
       ... 
3795    151
3796    114
3797     70
3798     78
3799     29
Name: Units Sold, Length: 760, dtype: int64"
"('S001', 'P0006')","3800     60
3801     77
3802     72
3803      0
3804    143
       ... 
4555     60
4556     80
4557    107
4558     70
4559     81
Name: Units Sold, Length: 760, dtype: int64"
"('S001', 'P0007')","4560     81
4561     37
4562      0
4563      0
4564     97
       ... 
5315    106
5316    106
5317     90
5318    136
5319     64
Name: Units Sold, Length: 760, dtype: int64"
"('S001', 'P0008')","5320     42
5321     37
5322     56
5323    109
5324     57
       ... 
6075    115
6076    104
6077     41
6078     82
6079     34
Name: Units Sold, Length: 760, dtype: int64"
"('S001', 'P0009')","6080     88
6081    133
6082     88
6083     88
6084    130
       ... 
6835    108
6836    142
6837    167
6838     93
6839     90
Name: Units Sold, Length: 760, dtype: int64"
"('S001', 'P0010')","6840     70
6841    105
6842     17
6843      0
6844     86
       ... 
7595     82
7596     46
7597     57
7598     65
7599     64
Name: Units Sold, Length: 760, dtype: int64"
"('S001', 'P0011')","7600     51
7601    152
7602     62
7603     54
7604     62
       ... 
8355    113
8356     51
8357     75
8358     45
8359     44
Name: Units Sold, Length: 760, dtype: int64"
"('S001', 'P0012')","8360    121
8361    168
8362    165
8363     65
8364    111
       ... 
9115    123
9116    174
9117     43
9118    109
9119     85
Name: Units Sold, Length: 760, dtype: int64"
"('S001', 'P0013')","9120    113
9121     73
9122     47
9123     79
9124     44
       ... 
9875     99
9876     76
9877     55
9878     93
9879     81
Name: Units Sold, Length: 760, dtype: int64"
"('S001', 'P0014')","9880     121
9881      81
9882      50
9883     147
9884      86
        ... 
10635    118
10636    176
10637     55
10638     86
10639     73
Name: Units Sold, Length: 760, dtype: int64"
"('S001', 'P0015')","10640     55
10641    117
10642     92
10643     81
10644     40
        ... 
11395    149
11396    123
11397     89
11398     58
11399     63
Name: Units Sold, Length: 760, dtype: int64"
"('S001', 'P0016')","11400     78
11401     25
11402      0
11403    100
11404    140
        ... 
12155     98
12156     56
12157    163
12158     78
12159     66
Name: Units Sold, Length: 760, dtype: int64"
"('S001', 'P0017')","12160     59
12161     33
12162     59
12163     59
12164     36
        ... 
12915     49
12916     82
12917    105
12918     85
12919     95
Name: Units Sold, Length: 760, dtype: int64"
"('S001', 'P0018')","12920     78
12921    172
12922    134
12923     63
12924    109
        ... 
13675     72
13676    135
13677    237
13678     79
13679     76
Name: Units Sold, Length: 760, dtype: int64"
"('S001', 'P0019')","13680     61
13681     35
13682     48
13683     49
13684     66
        ... 
14435    146
14436     87
14437     88
14438     82
14439     54
Name: Units Sold, Length: 760, dtype: int64"
"('S001', 'P0020')","14440     36
14441     93
14442     85
14443     52
14444      0
        ... 
15195     48
15196     90
15197    118
15198     83
15199     54
Name: Units Sold, Length: 760, dtype: int64"
"('S002', 'P0001')","15200    102
15201      0
15202      0
15203    172
15204    132
        ... 
15955    107
15956     93
15957    177
15958     62
15959     73
Name: Units Sold, Length: 760, dtype: int64"
"('S002', 'P0002')","15960    119
15961     61
15962     64
15963     90
15964     81
        ... 
16715     70
16716    131
16717    100
16718     68
16719     72
Name: Units Sold, Length: 760, dtype: int64"
"('S002', 'P0003')","16720    167
16721     20
16722      0
16723    166
16724     93
        ... 
17475    109
17476    154
17477    111
17478     93
17479     70
Name: Units Sold, Length: 760, dtype: int64"
"('S002', 'P0004')","17480    111
17481     40
17482      9
17483     92
17484     65
        ... 
18235     77
18236    126
18237     78
18238    121
18239     59
Name: Units Sold, Length: 760, dtype: int64"
"('S002', 'P0005')","18240    103
18241     52
18242      0
18243      0
18244    107
        ... 
18995    130
18996    134
18997    103
18998     73
18999    165
Name: Units Sold, Length: 760, dtype: int64"
"('S002', 'P0006')","19000     79
19001    116
19002    140
19003     98
19004     74
        ... 
19755    140
19756    112
19757    181
19758     69
19759     96
Name: Units Sold, Length: 760, dtype: int64"
"('S002', 'P0007')","19760     89
19761     95
19762     49
19763     96
19764     69
        ... 
20515     24
20516    122
20517     59
20518     77
20519    126
Name: Units Sold, Length: 760, dtype: int64"
"('S002', 'P0008')","20520    124
20521     99
20522    126
20523     96
20524     86
        ... 
21275    103
21276     92
21277     96
21278    101
21279     81
Name: Units Sold, Length: 760, dtype: int64"
"('S002', 'P0009')","21280    131
21281      0
21282    134
21283    110
21284    243
        ... 
22035    156
22036     99
22037    138
22038     57
22039     80
Name: Units Sold, Length: 760, dtype: int64"
"('S002', 'P0010')","22040    118
22041    179
22042    116
22043     77
22044     53
        ... 
22795     99
22796    101
22797    131
22798    108
22799     71
Name: Units Sold, Length: 760, dtype: int64"
"('S002', 'P0011')","22800     49
22801    135
22802     22
22803    106
22804    206
        ... 
23555     89
23556     52
23557    117
23558    166
23559     50
Name: Units Sold, Length: 760, dtype: int64"
"('S002', 'P0012')","23560     78
23561     75
23562     44
23563      0
23564     60
        ... 
24315     48
24316     81
24317    104
24318     79
24319     85
Name: Units Sold, Length: 760, dtype: int64"
"('S002', 'P0013')","24320     93
24321     45
24322     14
24323     47
24324     66
        ... 
25075    103
25076    131
25077    116
25078     61
25079    125
Name: Units Sold, Length: 760, dtype: int64"
"('S002', 'P0014')","25080     69
25081     84
25082      0
25083      0
25084    171
        ... 
25835     75
25836     99
25837     23
25838     69
25839    102
Name: Units Sold, Length: 760, dtype: int64"
"('S002', 'P0015')","25840     70
25841     36
25842      0
25843      0
25844     76
        ... 
26595    186
26596    207
26597     61
26598    124
26599     56
Name: Units Sold, Length: 760, dtype: int64"
"('S002', 'P0016')","26600    113
26601      0
26602    113
26603    117
26604    173
        ... 
27355     77
27356    115
27357     49
27358    109
27359     78
Name: Units Sold, Length: 760, dtype: int64"
"('S002', 'P0017')","27360     72
27361     63
27362     18
27363     95
27364     52
        ... 
28115     58
28116    103
28117    137
28118     66
28119     72
Name: Units Sold, Length: 760, dtype: int64"
"('S002', 'P0018')","28120     69
28121     74
28122     96
28123    181
28124    120
        ... 
28875    115
28876    141
28877    102
28878     92
28879     61
Name: Units Sold, Length: 760, dtype: int64"
"('S002', 'P0019')","28880     82
28881     66
28882     16
28883      0
28884     96
        ... 
29635    149
29636     93
29637    131
29638    108
29639    113
Name: Units Sold, Length: 760, dtype: int64"
"('S002', 'P0020')","29640     43
29641     77
29642      6
29643     90
29644     79
        ... 
30395     88
30396     79
30397    154
30398     51
30399     88
Name: Units Sold, Length: 760, dtype: int64"
"('S003', 'P0001')","30400    109
30401     73
30402    117
30403     76
30404    141
        ... 
31155     68
31156     92
31157    116
31158     37
31159     67
Name: Units Sold, Length: 760, dtype: int64"
"('S003', 'P0002')","31160     56
31161    175
31162     59
31163    122
31164    154
        ... 
31915     46
31916     67
31917     93
31918     90
31919    111
Name: Units Sold, Length: 760, dtype: int64"
"('S003', 'P0003')","31920    122
31921    125
31922    162
31923    145
31924    172
        ... 
32675     94
32676     80
32677    116
32678     89
32679     91
Name: Units Sold, Length: 760, dtype: int64"
"('S003', 'P0004')","32680    122
32681     39
32682     42
32683     56
32684    162
        ... 
33435    132
33436     81
33437    128
33438     82
33439     89
Name: Units Sold, Length: 760, dtype: int64"
"('S003', 'P0005')","33440     40
33441     59
33442     48
33443    106
33444     69
        ... 
34195     59
34196     81
34197     21
34198     40
34199    108
Name: Units Sold, Length: 760, dtype: int64"
"('S003', 'P0006')","34200    106
34201     70
34202     27
34203     71
34204     62
        ... 
34955     75
34956    126
34957     97
34958     89
34959    156
Name: Units Sold, Length: 760, dtype: int64"
"('S003', 'P0007')","34960    123
34961    124
34962      0
34963      0
34964     67
        ... 
35715     59
35716     98
35717    113
35718    135
35719    108
Name: Units Sold, Length: 760, dtype: int64"
"('S003', 'P0008')","35720     61
35721    121
35722    114
35723    174
35724    124
        ... 
36475    146
36476    131
36477     58
36478    152
36479     86
Name: Units Sold, Length: 760, dtype: int64"
"('S003', 'P0009')","36480     96
36481     78
36482    126
36483     86
36484     82
        ... 
37235    104
37236     97
37237    106
37238     40
37239    123
Name: Units Sold, Length: 760, dtype: int64"
"('S003', 'P0010')","37240     70
37241     92
37242    127
37243    129
37244    114
        ... 
37995     12
37996     93
37997    106
37998    100
37999    111
Name: Units Sold, Length: 760, dtype: int64"
"('S003', 'P0011')","38000    157
38001      2
38002     62
38003    114
38004    243
        ... 
38755     88
38756     61
38757     91
38758    107
38759    143
Name: Units Sold, Length: 760, dtype: int64"
"('S003', 'P0012')","38760     58
38761     62
38762    137
38763     62
38764    175
        ... 
39515     87
39516     84
39517    101
39518     35
39519     35
Name: Units Sold, Length: 760, dtype: int64"
"('S003', 'P0013')","39520    105
39521      0
39522      0
39523      0
39524     72
        ... 
40275     50
40276     97
40277    117
40278     71
40279     75
Name: Units Sold, Length: 760, dtype: int64"
"('S003', 'P0014')","40280     27
40281     52
40282     64
40283    128
40284      0
        ... 
41035    115
41036     65
41037    123
41038     60
41039    162
Name: Units Sold, Length: 760, dtype: int64"
"('S003', 'P0015')","41040    131
41041     35
41042      0
41043      0
41044     90
        ... 
41795    139
41796    119
41797    145
41798     51
41799    127
Name: Units Sold, Length: 760, dtype: int64"
"('S003', 'P0016')","41800     80
41801    126
41802     86
41803    126
41804    152
        ... 
42555    113
42556     76
42557     60
42558    106
42559    140
Name: Units Sold, Length: 760, dtype: int64"
"('S003', 'P0017')","42560    53
42561    37
42562    51
42563    63
42564    90
         ..
43315    88
43316    87
43317    84
43318    78
43319    87
Name: Units Sold, Length: 760, dtype: int64"
"('S003', 'P0018')","43320     56
43321     65
43322     43
43323     87
43324     86
        ... 
44075     89
44076     18
44077     61
44078     54
44079    102
Name: Units Sold, Length: 760, dtype: int64"
"('S003', 'P0019')","44080    109
44081     92
44082     95
44083    116
44084    106
        ... 
44835    128
44836     60
44837    121
44838     74
44839    105
Name: Units Sold, Length: 760, dtype: int64"
"('S003', 'P0020')","44840     41
44841     60
44842    149
44843      0
44844    146
        ... 
45595     82
45596    127
45597    192
45598     79
45599     73
Name: Units Sold, Length: 760, dtype: int64"
"('S004', 'P0001')","45600     85
45601    130
45602      0
45603      0
45604     88
        ... 
46355    103
46356    123
46357    134
46358    173
46359    104
Name: Units Sold, Length: 760, dtype: int64"
"('S004', 'P0002')","46360     67
46361    121
46362     75
46363    133
46364     87
        ... 
47115     98
47116    112
47117    104
47118    163
47119     49
Name: Units Sold, Length: 760, dtype: int64"
"('S004', 'P0003')","47120     92
47121     69
47122      0
47123    173
47124     54
        ... 
47875    112
47876     81
47877    138
47878     51
47879     42
Name: Units Sold, Length: 760, dtype: int64"
"('S004', 'P0004')","47880     88
47881     20
47882     54
47883     87
47884     60
        ... 
48635    156
48636    179
48637     43
48638     83
48639    151
Name: Units Sold, Length: 760, dtype: int64"
"('S004', 'P0005')","48640    197
48641     92
48642    125
48643     92
48644    157
        ... 
49395     94
49396    128
49397    111
49398     48
49399     77
Name: Units Sold, Length: 760, dtype: int64"
"('S004', 'P0006')","49400     48
49401    149
49402     92
49403    118
49404     55
        ... 
50155     10
50156     57
50157    265
50158    119
50159     63
Name: Units Sold, Length: 760, dtype: int64"
"('S004', 'P0007')","50160     43
50161    142
50162      0
50163      0
50164     81
        ... 
50915    101
50916    115
50917      0
50918     67
50919    112
Name: Units Sold, Length: 760, dtype: int64"
"('S004', 'P0008')","50920    59
50921    28
50922    86
50923    68
50924    74
         ..
51675    89
51676    87
51677    63
51678    85
51679    49
Name: Units Sold, Length: 760, dtype: int64"
"('S004', 'P0009')","51680    106
51681    100
51682      0
51683    201
51684    115
        ... 
52435    121
52436    173
52437     71
52438     38
52439     78
Name: Units Sold, Length: 760, dtype: int64"
"('S004', 'P0010')","52440    120
52441    103
52442      0
52443      0
52444    218
        ... 
53195     85
53196     83
53197    132
53198    136
53199    133
Name: Units Sold, Length: 760, dtype: int64"
"('S004', 'P0011')","53200     60
53201    130
53202      5
53203      0
53204    146
        ... 
53955     84
53956     47
53957     40
53958     84
53959     74
Name: Units Sold, Length: 760, dtype: int64"
"('S004', 'P0012')","53960    111
53961     90
53962     94
53963     80
53964     83
        ... 
54715     63
54716     56
54717     67
54718    153
54719    104
Name: Units Sold, Length: 760, dtype: int64"
"('S004', 'P0013')","54720    104
54721     32
54722      0
54723    165
54724     83
        ... 
55475    115
55476    135
55477    169
55478     75
55479     26
Name: Units Sold, Length: 760, dtype: int64"
"('S004', 'P0014')","55480     52
55481     58
55482     61
55483     23
55484     46
        ... 
56235     86
56236    103
56237     45
56238     98
56239     47
Name: Units Sold, Length: 760, dtype: int64"
"('S004', 'P0015')","56240     42
56241     72
56242     67
56243     68
56244     53
        ... 
56995     66
56996    156
56997    103
56998     54
56999     44
Name: Units Sold, Length: 760, dtype: int64"
"('S004', 'P0016')","57000    74
57001    67
57002    14
57003    92
57004    83
         ..
57755    72
57756    91
57757    78
57758    77
57759    32
Name: Units Sold, Length: 760, dtype: int64"
"('S004', 'P0017')","57760     65
57761     99
57762     98
57763     35
57764    114
        ... 
58515    105
58516     54
58517    120
58518     88
58519    109
Name: Units Sold, Length: 760, dtype: int64"
"('S004', 'P0018')","58520     64
58521     94
58522    111
58523    123
58524    106
        ... 
59275     71
59276     96
59277     80
59278    101
59279     54
Name: Units Sold, Length: 760, dtype: int64"
"('S004', 'P0019')","59280    125
59281    124
59282     82
59283     80
59284     54
        ... 
60035    154
60036     58
60037     58
60038     75
60039     92
Name: Units Sold, Length: 760, dtype: int64"
"('S004', 'P0020')","60040     52
60041     56
60042     71
60043    111
60044     99
        ... 
60795     85
60796     46
60797     60
60798     70
60799     79
Name: Units Sold, Length: 760, dtype: int64"
"('S005', 'P0001')","60800     75
60801     81
60802     98
60803     58
60804    163
        ... 
61555     93
61556     56
61557    126
61558     99
61559     68
Name: Units Sold, Length: 760, dtype: int64"
"('S005', 'P0002')","61560    131
61561      0
61562      0
61563     77
61564     86
        ... 
62315     62
62316     97
62317     97
62318    118
62319    122
Name: Units Sold, Length: 760, dtype: int64"
"('S005', 'P0003')","62320    145
62321     87
62322     99
62323     43
62324     71
        ... 
63075     49
63076     75
63077     69
63078     62
63079    120
Name: Units Sold, Length: 760, dtype: int64"
"('S005', 'P0004')","63080    143
63081     77
63082     48
63083     82
63084    106
        ... 
63835    133
63836     55
63837    114
63838     72
63839    117
Name: Units Sold, Length: 760, dtype: int64"
"('S005', 'P0005')","63840    126
63841     61
63842    126
63843    183
63844     35
        ... 
64595    104
64596     85
64597    112
64598    181
64599    121
Name: Units Sold, Length: 760, dtype: int64"
"('S005', 'P0006')","64600     59
64601    122
64602     99
64603      0
64604    121
        ... 
65355     70
65356    126
65357     81
65358     61
65359    105
Name: Units Sold, Length: 760, dtype: int64"
"('S005', 'P0007')","65360     74
65361      3
65362     57
65363    140
65364    127
        ... 
66115    105
66116    101
66117     77
66118     87
66119     40
Name: Units Sold, Length: 760, dtype: int64"
"('S005', 'P0008')","66120    165
66121     64
66122     38
66123    120
66124    117
        ... 
66875    135
66876     73
66877     88
66878    156
66879     65
Name: Units Sold, Length: 760, dtype: int64"
"('S005', 'P0009')","66880     59
66881     80
66882     69
66883    160
66884     74
        ... 
67635     50
67636     63
67637     63
67638     57
67639     93
Name: Units Sold, Length: 760, dtype: int64"
"('S005', 'P0010')","67640    132
67641      0
67642      0
67643    102
67644    144
        ... 
68395     18
68396    117
68397     75
68398     87
68399     81
Name: Units Sold, Length: 760, dtype: int64"
"('S005', 'P0011')","68400     17
68401     51
68402     73
68403     79
68404      0
        ... 
69155    121
69156     99
69157     90
69158     51
69159     49
Name: Units Sold, Length: 760, dtype: int64"
"('S005', 'P0012')","69160     71
69161    117
69162     42
69163      0
69164     66
        ... 
69915     72
69916     56
69917     59
69918     61
69919     35
Name: Units Sold, Length: 760, dtype: int64"
"('S005', 'P0013')","69920     82
69921     63
69922      0
69923    189
69924     37
        ... 
70675      0
70676    139
70677     98
70678     95
70679     78
Name: Units Sold, Length: 760, dtype: int64"
"('S005', 'P0014')","70680    63
70681    47
70682    83
70683    76
70684    60
         ..
71435    61
71436    64
71437    74
71438    92
71439    96
Name: Units Sold, Length: 760, dtype: int64"
"('S005', 'P0015')","71440    108
71441     24
71442     80
71443     66
71444    105
        ... 
72195    163
72196     85
72197    160
72198    101
72199    116
Name: Units Sold, Length: 760, dtype: int64"
"('S005', 'P0016')","72200     59
72201     72
72202      0
72203    105
72204     92
        ... 
72955     65
72956     30
72957     68
72958     67
72959     63
Name: Units Sold, Length: 760, dtype: int64"
"('S005', 'P0017')","72960     89
72961     61
72962     82
72963     78
72964     71
        ... 
73715     61
73716    114
73717    124
73718    122
73719    115
Name: Units Sold, Length: 760, dtype: int64"
"('S005', 'P0018')","73720     68
73721    177
73722     65
73723     69
73724     34
        ... 
74475     87
74476    101
74477     94
74478    143
74479     44
Name: Units Sold, Length: 760, dtype: int64"
"('S005', 'P0019')","74480    42
74481    37
74482    78
74483    37
74484    84
         ..
75235    83
75236    61
75237    92
75238    41
75239    58
Name: Units Sold, Length: 760, dtype: int64"
"('S005', 'P0020')","75240     79
75241     56
75242     50
75243     93
75244     65
        ... 
75995     99
75996     28
75997     83
75998    112
75999     63
Name: Units Sold, Length: 760, dtype: int64"
"('S001', 'P0001')","0      195
1       93
2      274
3      132
4      319
      ... 
755    237
756    471
757    371
758    259
759    383
Name: Inventory Level, Length: 760, dtype: int64"
"('S001', 'P0002')","760     117
761     249
762     133
763     159
764     148
       ... 
1515     67
1516    156
1517    210
1518    111
1519    136
Name: Inventory Level, Length: 760, dtype: int64"
"('S001', 'P0003')","1520    247
1521    133
1522      3
1523      0
1524    612
       ... 
2275    949
2276    874
2277    809
2278    656
2279    434
Name: Inventory Level, Length: 760, dtype: int64"
"('S001', 'P0004')","2280    139
2281     94
2282    114
2283    242
2284    184
       ... 
3035    380
3036    317
3037    214
3038    138
3039    241
Name: Inventory Level, Length: 760, dtype: int64"
"('S001', 'P0005')","3040     152
3041      87
3042       0
3043       0
3044     271
        ... 
3795    1359
3796    1208
3797    1094
3798    1024
3799     946
Name: Inventory Level, Length: 760, dtype: int64"
"('S001', 'P0006')","3800    209
3801    149
3802     72
3803      0
3804    172
       ... 
4555    225
4556    165
4557    613
4558    506
4559    436
Name: Inventory Level, Length: 760, dtype: int64"
"('S001', 'P0007')","4560    118
4561     37
4562      0
4563      0
4564    335
       ... 
5315    438
5316    332
5317    226
5318    136
5319    476
Name: Inventory Level, Length: 760, dtype: int64"
"('S001', 'P0008')","5320    244
5321    202
5322    165
5323    109
5324    141
       ... 
6075    147
6076    145
6077     41
6078    118
6079    162
Name: Inventory Level, Length: 760, dtype: int64"
"('S001', 'P0009')","6080    115
6081    166
6082    140
6083    161
6084    188
       ... 
6835    202
6836    204
6837    260
6838     93
6839    128
Name: Inventory Level, Length: 760, dtype: int64"
"('S001', 'P0010')","6840    192
6841    122
6842     17
6843      0
6844    300
       ... 
7595    128
7596     46
7597    640
7598    583
7599    518
Name: Inventory Level, Length: 760, dtype: int64"
"('S001', 'P0011')","7600    215
7601    164
7602    154
7603    356
7604    302
       ... 
8355    356
8356    243
8357    192
8358    249
8359    204
Name: Inventory Level, Length: 760, dtype: int64"
"('S001', 'P0012')","8360    289
8361    168
8362    215
8363    447
8364    382
       ... 
9115    228
9116    373
9117    199
9118    505
9119    396
Name: Inventory Level, Length: 760, dtype: int64"
"('S001', 'P0013')","9120    279
9121    166
9122    183
9123    136
9124    204
       ... 
9875    200
9876    101
9877     92
9878     93
9879     91
Name: Inventory Level, Length: 760, dtype: int64"
"('S001', 'P0014')","9880     252
9881     131
9882      50
9883     479
9884     332
        ... 
10635    636
10636    518
10637    342
10638    287
10639    660
Name: Inventory Level, Length: 760, dtype: int64"
"('S001', 'P0015')","10640    119
10641    138
10642    130
10643    118
10644    111
        ... 
11395    149
11396    156
11397    155
11398     66
11399     80
Name: Inventory Level, Length: 760, dtype: int64"
"('S001', 'P0016')","11400    103
11401     25
11402      0
11403    372
11404    272
        ... 
12155    206
12156    522
12157    466
12158    303
12159    225
Name: Inventory Level, Length: 760, dtype: int64"
"('S001', 'P0017')","12160    128
12161     69
12162     86
12163    121
12164     62
        ... 
12915     49
12916     82
12917    105
12918    143
12919    186
Name: Inventory Level, Length: 760, dtype: int64"
"('S001', 'P0018')","12920    281
12921    203
12922    186
12923    167
12924    221
        ... 
13675    208
13676    230
13677    248
13678    209
13679    130
Name: Inventory Level, Length: 760, dtype: int64"
"('S001', 'P0019')","13680    281
13681    220
13682    185
13683    137
13684     88
        ... 
14435    146
14436    130
14437    114
14438     97
14439    110
Name: Inventory Level, Length: 760, dtype: int64"
"('S001', 'P0020')","14440    266
14441    230
14442    137
14443     52
14444      0
        ... 
15195    672
15196    624
15197    534
15198    416
15199    333
Name: Inventory Level, Length: 760, dtype: int64"
"('S002', 'P0001')","15200    102
15201      0
15202      0
15203    331
15204    509
        ... 
15955    554
15956    447
15957    354
15958    177
15959    569
Name: Inventory Level, Length: 760, dtype: int64"
"('S002', 'P0002')","15960    193
15961     74
15962    205
15963    141
15964    217
        ... 
16715    287
16716    217
16717    290
16718    583
16719    515
Name: Inventory Level, Length: 760, dtype: int64"
"('S002', 'P0003')","16720    187
16721     20
16722      0
16723    596
16724    430
        ... 
17475    431
17476    322
17477    168
17478    481
17479    388
Name: Inventory Level, Length: 760, dtype: int64"
"('S002', 'P0004')","17480    160
17481     49
17482      9
17483    339
17484    247
        ... 
18235    531
18236    454
18237    328
18238    250
18239    129
Name: Inventory Level, Length: 760, dtype: int64"
"('S002', 'P0005')","18240    155
18241     52
18242      0
18243      0
18244    334
        ... 
18995    992
18996    862
18997    728
18998    625
18999    552
Name: Inventory Level, Length: 760, dtype: int64"
"('S002', 'P0006')","19000    198
19001    119
19002    140
19003    172
19004     74
        ... 
19755    252
19756    112
19757    181
19758    167
19759     98
Name: Inventory Level, Length: 760, dtype: int64"
"('S002', 'P0007')","19760    233
19761    144
19762     49
19763    226
19764    130
        ... 
20515     24
20516    271
20517    550
20518    491
20519    414
Name: Inventory Level, Length: 760, dtype: int64"
"('S002', 'P0008')","20520    124
20521     99
20522    153
20523    182
20524     86
        ... 
21275    108
21276     92
21277    158
21278    186
21279     85
Name: Inventory Level, Length: 760, dtype: int64"
"('S002', 'P0009')","21280    131
21281      0
21282    260
21283    389
21284    279
        ... 
22035    603
22036    447
22037    348
22038    210
22039    153
Name: Inventory Level, Length: 760, dtype: int64"
"('S002', 'P0010')","22040    242
22041    318
22042    139
22043    130
22044    152
        ... 
22795    200
22796    101
22797    142
22798    108
22799    143
Name: Inventory Level, Length: 760, dtype: int64"
"('S002', 'P0011')","22800    206
22801    157
22802     22
22803    191
22804    559
        ... 
23555    266
23556    177
23557    125
23558    239
23559     73
Name: Inventory Level, Length: 760, dtype: int64"
"('S002', 'P0012')","23560    197
23561    119
23562     44
23563      0
23564    413
        ... 
24315    243
24316    195
24317    606
24318    502
24319    423
Name: Inventory Level, Length: 760, dtype: int64"
"('S002', 'P0013')","24320    152
24321     59
24322     14
24323    331
24324    284
        ... 
25075    536
25076    433
25077    302
25078    186
25079    125
Name: Inventory Level, Length: 760, dtype: int64"
"('S002', 'P0014')","25080    153
25081     84
25082      0
25083      0
25084    289
        ... 
25835    502
25836    427
25837    328
25838    305
25839    676
Name: Inventory Level, Length: 760, dtype: int64"
"('S002', 'P0015')","25840     106
25841      36
25842       0
25843       0
25844     457
         ... 
26595     802
26596     616
26597     409
26598     348
26599    1039
Name: Inventory Level, Length: 760, dtype: int64"
"('S002', 'P0016')","26600    113
26601      0
26602    323
26603    470
26604    353
        ... 
27355    204
27356    127
27357    246
27358    197
27359     88
Name: Inventory Level, Length: 760, dtype: int64"
"('S002', 'P0017')","27360    153
27361     81
27362     18
27363    196
27364    424
        ... 
28115    325
28116    267
28117    164
28118    270
28119    204
Name: Inventory Level, Length: 760, dtype: int64"
"('S002', 'P0018')","28120    126
28121    143
28122    156
28123    181
28124    206
        ... 
28875    139
28876    173
28877    255
28878    153
28879     61
Name: Inventory Level, Length: 760, dtype: int64"
"('S002', 'P0019')","28880    164
28881     82
28882     16
28883      0
28884    391
        ... 
29635    820
29636    671
29637    578
29638    447
29639    339
Name: Inventory Level, Length: 760, dtype: int64"
"('S002', 'P0020')","29640    126
29641     83
29642      6
29643    132
29644    256
        ... 
30395    344
30396    256
30397    177
30398    383
30399    332
Name: Inventory Level, Length: 760, dtype: int64"
"('S003', 'P0001')","30400    182
30401     73
30402    193
30403     76
30404    316
        ... 
31155    115
31156    208
31157    116
31158    244
31159    207
Name: Inventory Level, Length: 760, dtype: int64"
"('S003', 'P0002')","31160    290
31161    234
31162     59
31163    236
31164    662
        ... 
31915    299
31916    253
31917    186
31918     93
31919    327
Name: Inventory Level, Length: 760, dtype: int64"
"('S003', 'P0003')","31920    122
31921    127
31922    162
31923    197
31924    234
        ... 
32675     94
32676     95
32677    116
32678    184
32679     95
Name: Inventory Level, Length: 760, dtype: int64"
"('S003', 'P0004')","32680    203
32681     81
32682     42
32683    518
32684    462
        ... 
33435    452
33436    320
33437    239
33438    634
33439    552
Name: Inventory Level, Length: 760, dtype: int64"
"('S003', 'P0005')","33440    253
33441    213
33442    154
33443    106
33444    212
        ... 
34195    396
34196    337
34197    256
34198    822
34199    782
Name: Inventory Level, Length: 760, dtype: int64"
"('S003', 'P0006')","34200    227
34201    121
34202    147
34203    120
34204    174
        ... 
34955     75
34956    126
34957    137
34958    151
34959    156
Name: Inventory Level, Length: 760, dtype: int64"
"('S003', 'P0007')","34960    247
34961    124
34962      0
34963      0
34964    552
        ... 
35715    592
35716    533
35717    435
35718    322
35719    187
Name: Inventory Level, Length: 760, dtype: int64"
"('S003', 'P0008')","35720    297
35721    236
35722    115
35723    307
35724    133
        ... 
36475    379
36476    233
36477    102
36478    322
36479    170
Name: Inventory Level, Length: 760, dtype: int64"
"('S003', 'P0009')","36480    226
36481    130
36482    138
36483    168
36484     82
        ... 
37235    201
37236     97
37237    146
37238     40
37239    123
Name: Inventory Level, Length: 760, dtype: int64"
"('S003', 'P0010')","37240    167
37241    224
37242    132
37243    178
37244    206
        ... 
37995    132
37996    120
37997    151
37998    135
37999    111
Name: Inventory Level, Length: 760, dtype: int64"
"('S003', 'P0011')","38000    159
38001      2
38002    293
38003    617
38004    503
        ... 
38755    130
38756    226
38757    165
38758    250
38759    143
Name: Inventory Level, Length: 760, dtype: int64"
"('S003', 'P0012')","38760    126
38761     68
38762    137
38763    224
38764    468
        ... 
39515    204
39516    117
39517    222
39518    121
39519    286
Name: Inventory Level, Length: 760, dtype: int64"
"('S003', 'P0013')","39520     105
39521       0
39522       0
39523       0
39524     743
         ... 
40275    1116
40276    1066
40277     969
40278     852
40279     781
Name: Inventory Level, Length: 760, dtype: int64"
"('S003', 'P0014')","40280    271
40281    244
40282    192
40283    128
40284      0
        ... 
41035    713
41036    598
41037    533
41038    410
41039    350
Name: Inventory Level, Length: 760, dtype: int64"
"('S003', 'P0015')","41040    166
41041     35
41042      0
41043      0
41044    500
        ... 
41795    867
41796    728
41797    609
41798    464
41799    413
Name: Inventory Level, Length: 760, dtype: int64"
"('S003', 'P0016')","41800    292
41801    212
41802     86
41803    289
41804    163
        ... 
42555    220
42556    403
42557    327
42558    267
42559    161
Name: Inventory Level, Length: 760, dtype: int64"
"('S003', 'P0017')","42560    204
42561    151
42562    114
42563     63
42564    380
        ... 
43315    576
43316    488
43317    401
43318    317
43319    239
Name: Inventory Level, Length: 760, dtype: int64"
"('S003', 'P0018')","43320    289
43321    233
43322    168
43323    125
43324    354
        ... 
44075    481
44076    392
44077    374
44078    313
44079    652
Name: Inventory Level, Length: 760, dtype: int64"
"('S003', 'P0019')","44080    201
44081     92
44082     95
44083    139
44084    106
        ... 
44835    128
44836    109
44837    121
44838    182
44839    108
Name: Inventory Level, Length: 760, dtype: int64"
"('S003', 'P0020')","44840    250
44841    209
44842    149
44843      0
44844    270
        ... 
45595    593
45596    511
45597    384
45598    192
45599    113
Name: Inventory Level, Length: 760, dtype: int64"
"('S004', 'P0001')","45600    215
45601    130
45602      0
45603      0
45604    287
        ... 
46355    875
46356    772
46357    649
46358    515
46359    342
Name: Inventory Level, Length: 760, dtype: int64"
"('S004', 'P0002')","46360    283
46361    216
46362     95
46363    245
46364    112
        ... 
47115    210
47116    112
47117    239
47118    436
47119    273
Name: Inventory Level, Length: 760, dtype: int64"
"('S004', 'P0003')","47120    161
47121     69
47122      0
47123    407
47124    234
        ... 
47875    255
47876    423
47877    342
47878    204
47879    153
Name: Inventory Level, Length: 760, dtype: int64"
"('S004', 'P0004')","47880    168
47881     80
47882     60
47883    258
47884    171
        ... 
48635    378
48636    222
48637     43
48638    522
48639    439
Name: Inventory Level, Length: 760, dtype: int64"
"('S004', 'P0005')","48640    289
48641     92
48642    152
48643    150
48644    230
        ... 
49395     94
49396    128
49397    209
49398    232
49399    184
Name: Inventory Level, Length: 760, dtype: int64"
"('S004', 'P0006')","49400    206
49401    158
49402    171
49403    347
49404    229
        ... 
50155     10
50156    306
50157    518
50158    253
50159    134
Name: Inventory Level, Length: 760, dtype: int64"
"('S004', 'P0007')","50160    185
50161    142
50162      0
50163      0
50164    253
        ... 
50915    216
50916    115
50917      0
50918    641
50919    574
Name: Inventory Level, Length: 760, dtype: int64"
"('S004', 'P0008')","50920    281
50921    222
50922    194
50923    108
50924    103
        ... 
51675    118
51676    140
51677    148
51678     85
51679     92
Name: Inventory Level, Length: 760, dtype: int64"
"('S004', 'P0009')","51680    206
51681    100
51682      0
51683    299
51684    592
        ... 
52435    328
52436    754
52437    581
52438    510
52439    472
Name: Inventory Level, Length: 760, dtype: int64"
"('S004', 'P0010')","52440    223
52441    103
52442      0
52443      0
52444    597
        ... 
53195    166
53196    598
53197    515
53198    383
53199    247
Name: Inventory Level, Length: 760, dtype: int64"
"('S004', 'P0011')","53200    195
53201    135
53202      5
53203      0
53204    293
        ... 
53955    851
53956    767
53957    720
53958    680
53959    596
Name: Inventory Level, Length: 760, dtype: int64"
"('S004', 'P0012')","53960    111
53961    113
53962     94
53963    163
53964     83
        ... 
54715    120
54716    123
54717     67
54718    159
54719    201
Name: Inventory Level, Length: 760, dtype: int64"
"('S004', 'P0013')","54720    136
54721     32
54722      0
54723    385
54724    721
        ... 
55475    505
55476    390
55477    255
55478    464
55479    389
Name: Inventory Level, Length: 760, dtype: int64"
"('S004', 'P0014')","55480    110
55481     58
55482    122
55483    246
55484    223
        ... 
56235    111
56236    148
56237     45
56238    252
56239    379
Name: Inventory Level, Length: 760, dtype: int64"
"('S004', 'P0015')","56240    249
56241    207
56242    135
56243     68
56244    200
        ... 
56995    111
56996    282
56997    126
56998    346
56999    292
Name: Inventory Level, Length: 760, dtype: int64"
"('S004', 'P0016')","57000    155
57001     81
57002     14
57003    218
57004    126
        ... 
57755    241
57756    169
57757     78
57758    230
57759    153
Name: Inventory Level, Length: 760, dtype: int64"
"('S004', 'P0017')","57760    232
57761    167
57762    217
57763    263
57764    228
        ... 
58515    155
58516    174
58517    120
58518    101
58519    166
Name: Inventory Level, Length: 760, dtype: int64"
"('S004', 'P0018')","58520    165
58521    101
58522    111
58523    133
58524    106
        ... 
59275    110
59276    108
59277    103
59278    120
59279     97
Name: Inventory Level, Length: 760, dtype: int64"
"('S004', 'P0019')","59280    146
59281    124
59282    162
59283     80
59284     89
        ... 
60035    154
60036    298
60037    240
60038    182
60039    219
Name: Inventory Level, Length: 760, dtype: int64"
"('S004', 'P0020')","60040    290
60041    238
60042    182
60043    111
60044    204
        ... 
60795    340
60796    255
60797    209
60798    149
60799     79
Name: Inventory Level, Length: 760, dtype: int64"
"('S005', 'P0001')","60800    182
60801    107
60802    224
60803    126
60804    258
        ... 
61555    392
61556    299
61557    243
61558    117
61559    267
Name: Inventory Level, Length: 760, dtype: int64"
"('S005', 'P0002')","61560    131
61561      0
61562      0
61563    474
61564    397
        ... 
62315    256
62316    194
62317     97
62318    274
62319    156
Name: Inventory Level, Length: 760, dtype: int64"
"('S005', 'P0003')","62320    247
62321    102
62322    124
62323    166
62324    123
        ... 
63075     97
63076    136
63077    140
63078    178
63079    212
Name: Inventory Level, Length: 760, dtype: int64"
"('S005', 'P0004')","63080    195
63081    166
63082    198
63083    150
63084    161
        ... 
63835    135
63836    173
63837    118
63838    140
63839    141
Name: Inventory Level, Length: 760, dtype: int64"
"('S005', 'P0005')","63840    187
63841     61
63842    344
63843    218
63844     35
        ... 
64595    104
64596    266
64597    581
64598    469
64599    288
Name: Inventory Level, Length: 760, dtype: int64"
"('S005', 'P0006')","64600    280
64601    221
64602     99
64603      0
64604    300
        ... 
65355    604
65356    534
65357    408
65358    327
65359    266
Name: Inventory Level, Length: 760, dtype: int64"
"('S005', 'P0007')","65360    297
65361    223
65362    220
65363    163
65364    159
        ... 
66115    206
66116    101
66117    211
66118    134
66119    261
Name: Inventory Level, Length: 760, dtype: int64"
"('S005', 'P0008')","66120    229
66121     64
66122    103
66123    123
66124    196
        ... 
66875    220
66876     85
66877    121
66878    157
66879    154
Name: Inventory Level, Length: 760, dtype: int64"
"('S005', 'P0009')","66880    270
66881    211
66882    131
66883    330
66884    170
        ... 
67635    369
67636    319
67637    256
67638    193
67639    136
Name: Inventory Level, Length: 760, dtype: int64"
"('S005', 'P0010')","67640    132
67641      0
67642      0
67643    436
67644    963
        ... 
68395    412
68396    394
68397    277
68398    202
68399    115
Name: Inventory Level, Length: 760, dtype: int64"
"('S005', 'P0011')","68400    220
68401    203
68402    152
68403     79
68404      0
        ... 
69155    310
69156    189
69157     90
69158    320
69159    269
Name: Inventory Level, Length: 760, dtype: int64"
"('S005', 'P0012')","69160    230
69161    159
69162     42
69163      0
69164    371
        ... 
69915    623
69916    551
69917    495
69918    436
69919    375
Name: Inventory Level, Length: 760, dtype: int64"
"('S005', 'P0013')","69920    145
69921     63
69922      0
69923    328
69924    458
        ... 
70675      0
70676    546
70677    407
70678    309
70679    792
Name: Inventory Level, Length: 760, dtype: int64"
"('S005', 'P0014')","70680    193
70681    130
70682     83
70683    219
70684    143
        ... 
71435     61
71436    391
71437    327
71438    253
71439    161
Name: Inventory Level, Length: 760, dtype: int64"
"('S005', 'P0015')","71440    132
71441     24
71442    203
71443    315
71444    249
        ... 
72195    163
72196    245
72197    160
72198    225
72199    520
Name: Inventory Level, Length: 760, dtype: int64"
"('S005', 'P0016')","72200    131
72201     72
72202      0
72203    191
72204    295
        ... 
72955    223
72956    158
72957    368
72958    300
72959    233
Name: Inventory Level, Length: 760, dtype: int64"
"('S005', 'P0017')","72960    159
72961    143
72962     82
72963    130
72964    174
        ... 
73715    147
73716    162
73717    150
73718    137
73719    137
Name: Inventory Level, Length: 760, dtype: int64"
"('S005', 'P0018')","73720    245
73721    177
73722    239
73723    174
73724    105
        ... 
74475    165
74476    214
74477    113
74478    143
74479    197
Name: Inventory Level, Length: 760, dtype: int64"
"('S005', 'P0019')","74480    202
74481    160
74482    123
74483    158
74484    121
        ... 
75235     83
75236    194
75237    133
75238     41
75239    125
Name: Inventory Level, Length: 760, dtype: int64"
"('S005', 'P0020')","75240    131
75241    157
75242    101
75243    124
75244    139
        ... 
75995     99
75996    133
75997    105
75998    144
75999    126
Name: Inventory Level, Length: 760, dtype: int64"
"('S001', 'P0001')","0      252
1        0
2      229
3        0
4        0
      ... 
755      0
756      0
757    229
758      0
759      0
Name: Units Ordered, Length: 760, dtype: int64"
"('S001', 'P0002')","760     249
761       0
762     118
763     102
764      85
       ... 
1515    156
1516    132
1517      0
1518     67
1519    117
Name: Units Ordered, Length: 760, dtype: int64"
"('S001', 'P0003')","1520    612
1521      0
1522      0
1523      0
1524      0
       ... 
2275      0
2276      0
2277    813
2278      0
2279      0
Name: Units Ordered, Length: 760, dtype: int64"
"('S001', 'P0004')","2280    102
2281    183
2282      0
2283      0
2284      0
       ... 
3035      0
3036      0
3037    188
3038      0
3039      0
Name: Units Ordered, Length: 760, dtype: int64"
"('S001', 'P0005')","3040    271
3041    487
3042    761
3043      0
3044      0
       ... 
3795      0
3796      0
3797      0
3798      0
3799      0
Name: Units Ordered, Length: 760, dtype: int64"
"('S001', 'P0006')","3800      0
3801    172
3802    281
3803      0
3804      0
       ... 
4555      0
4556      0
4557      0
4558      0
4559      0
Name: Units Ordered, Length: 760, dtype: int64"
"('S001', 'P0007')","4560    335
4561    497
4562      0
4563      0
4564      0
       ... 
5315    476
5316      0
5317      0
5318    709
5319      0
Name: Units Ordered, Length: 760, dtype: int64"
"('S001', 'P0008')","5320      0
5321      0
5322      0
5323    141
5324      0
       ... 
6075    113
6076      0
6077    118
6078    126
6079      0
Name: Units Ordered, Length: 760, dtype: int64"
"('S001', 'P0009')","6080    139
6081    107
6082    109
6083    115
6084    167
       ... 
6835    110
6836    198
6837      0
6838    128
6839     70
Name: Units Ordered, Length: 760, dtype: int64"
"('S001', 'P0010')","6840    300
6841    498
6842      0
6843      0
6844      0
       ... 
7595      0
7596      0
7597      0
7598      0
7599      0
Name: Units Ordered, Length: 760, dtype: int64"
"('S001', 'P0011')","7600    142
7601    264
7602      0
7603      0
7604      0
       ... 
8355      0
8356    132
8357      0
8358      0
8359      0
Name: Units Ordered, Length: 760, dtype: int64"
"('S001', 'P0012')","8360    215
8361    397
8362      0
8363      0
8364      0
       ... 
9115      0
9116    349
9117      0
9118      0
9119      0
Name: Units Ordered, Length: 760, dtype: int64"
"('S001', 'P0013')","9120      0
9121     90
9122      0
9123    147
9124      0
       ... 
9875      0
9876     67
9877     56
9878     91
9879    138
Name: Units Ordered, Length: 760, dtype: int64"
"('S001', 'P0014')","9880     479
9881       0
9882       0
9883     368
9884       0
        ... 
10635      0
10636    459
10637      0
10638      0
10639      0
Name: Units Ordered, Length: 760, dtype: int64"
"('S001', 'P0015')","10640     74
10641    109
10642     80
10643     74
10644      0
        ... 
11395    156
11396    122
11397      0
11398     72
11399     90
Name: Units Ordered, Length: 760, dtype: int64"
"('S001', 'P0016')","11400    372
11401      0
11402    553
11403      0
11404      0
        ... 
12155      0
12156      0
12157    447
12158      0
12159      0
Name: Units Ordered, Length: 760, dtype: int64"
"('S001', 'P0017')","12160      0
12161     50
12162     94
12163      0
12164     52
        ... 
12915     82
12916    105
12917    143
12918    128
12919      0
Name: Units Ordered, Length: 760, dtype: int64"
"('S001', 'P0018')","12920      0
12921    155
12922    115
12923    117
12924    119
        ... 
13675     94
13676    153
13677    198
13678      0
13679     63
Name: Units Ordered, Length: 760, dtype: int64"
"('S001', 'P0019')","13680      0
13681      0
13682      0
13683      0
13684     50
        ... 
14435    130
14436     71
14437     71
14438     95
14439     71
Name: Units Ordered, Length: 760, dtype: int64"
"('S001', 'P0020')","14440      0
14441    432
14442      0
14443    424
14444      0
        ... 
15195      0
15196      0
15197      0
15198      0
15199    248
Name: Units Ordered, Length: 760, dtype: int64"
"('S002', 'P0001')","15200    331
15201    350
15202      0
15203      0
15204    371
        ... 
15955      0
15956    454
15957      0
15958      0
15959      0
Name: Units Ordered, Length: 760, dtype: int64"
"('S002', 'P0002')","15960    192
15961      0
15962    166
15963      0
15964    139
        ... 
16715    204
16716    393
16717      0
16718      0
16719      0
Name: Units Ordered, Length: 760, dtype: int64"
"('S002', 'P0003')","16720    596
16721      0
16722      0
16723      0
16724      0
        ... 
17475    424
17476      0
17477      0
17478      0
17479      0
Name: Units Ordered, Length: 760, dtype: int64"
"('S002', 'P0004')","17480    339
17481      0
17482      0
17483      0
17484    210
        ... 
18235      0
18236      0
18237    303
18238      0
18239      0
Name: Units Ordered, Length: 760, dtype: int64"
"('S002', 'P0005')","18240    334
18241    412
18242      0
18243      0
18244      0
        ... 
18995      0
18996      0
18997      0
18998      0
18999    593
Name: Units Ordered, Length: 760, dtype: int64"
"('S002', 'P0006')","19000      0
19001    137
19002    172
19003      0
19004    115
        ... 
19755      0
19756    181
19757    167
19758      0
19759    117
Name: Units Ordered, Length: 760, dtype: int64"
"('S002', 'P0007')","19760    226
19761      0
19762    300
19763      0
19764      0
        ... 
20515      0
20516      0
20517      0
20518      0
20519      0
Name: Units Ordered, Length: 760, dtype: int64"
"('S002', 'P0008')","20520     99
20521    153
20522    155
20523      0
20524    140
        ... 
21275     87
21276    158
21277    124
21278      0
21279     94
Name: Units Ordered, Length: 760, dtype: int64"
"('S002', 'P0009')","21280    260
21281    263
21282      0
21283    262
21284    521
        ... 
22035      0
22036      0
22037      0
22038    169
22039      0
Name: Units Ordered, Length: 760, dtype: int64"
"('S002', 'P0010')","22040    194
22041      0
22042    107
22043     99
22044      0
        ... 
22795      0
22796    142
22797     97
22798    143
22799     89
Name: Units Ordered, Length: 760, dtype: int64"
"('S002', 'P0011')","22800    191
22801    474
22802      0
22803      0
22804    568
        ... 
23555    231
23556      0
23557    398
23558      0
23559      0
Name: Units Ordered, Length: 760, dtype: int64"
"('S002', 'P0012')","23560    413
23561    511
23562      0
23563      0
23564      0
        ... 
24315      0
24316      0
24317      0
24318      0
24319    313
Name: Units Ordered, Length: 760, dtype: int64"
"('S002', 'P0013')","24320    331
24321      0
24322      0
24323      0
24324      0
        ... 
25075      0
25076      0
25077    393
25078      0
25079      0
Name: Units Ordered, Length: 760, dtype: int64"
"('S002', 'P0014')","25080    289
25081    564
25082      0
25083      0
25084      0
        ... 
25835    440
25836      0
25837      0
25838      0
25839      0
Name: Units Ordered, Length: 760, dtype: int64"
"('S002', 'P0015')","25840    457
25841    604
25842      0
25843      0
25844      0
        ... 
26595    815
26596      0
26597      0
26598      0
26599      0
Name: Units Ordered, Length: 760, dtype: int64"
"('S002', 'P0016')","26600    323
26601    260
26602      0
26603      0
26604    264
        ... 
27355    234
27356      0
27357      0
27358    232
27359      0
Name: Units Ordered, Length: 760, dtype: int64"
"('S002', 'P0017')","27360    196
27361    323
27362      0
27363      0
27364      0
        ... 
28115    243
28116      0
28117    423
28118      0
28119      0
Name: Units Ordered, Length: 760, dtype: int64"
"('S002', 'P0018')","28120     86
28121     87
28122    121
28123    206
28124      0
        ... 
28875    149
28876    223
28877      0
28878      0
28879    160
Name: Units Ordered, Length: 760, dtype: int64"
"('S002', 'P0019')","28880    391
28881    439
28882      0
28883      0
28884      0
        ... 
29635      0
29636      0
29637      0
29638    397
29639      0
Name: Units Ordered, Length: 760, dtype: int64"
"('S002', 'P0020')","29640    132
29641    214
29642      0
29643    255
29644      0
        ... 
30395    360
30396      0
30397      0
30398      0
30399      0
Name: Units Ordered, Length: 760, dtype: int64"
"('S003', 'P0001')","30400    193
30401      0
30402    316
30403      0
30404    409
        ... 
31155      0
31156    244
31157      0
31158      0
31159      0
Name: Units Ordered, Length: 760, dtype: int64"
"('S003', 'P0002')","31160    236
31161    548
31162      0
31163      0
31164      0
        ... 
31915      0
31916    324
31917      0
31918    289
31919      0
Name: Units Ordered, Length: 760, dtype: int64"
"('S003', 'P0003')","31920    127
31921    160
31922    197
31923    182
31924    226
        ... 
32675     95
32676    101
32677    184
32678      0
32679    117
Name: Units Ordered, Length: 760, dtype: int64"
"('S003', 'P0004')","32680    518
32681      0
32682      0
32683      0
32684    398
        ... 
33435    523
33436      0
33437      0
33438      0
33439      0
Name: Units Ordered, Length: 760, dtype: int64"
"('S003', 'P0005')","33440    212
33441      0
33442      0
33443    680
33444      0
        ... 
34195      0
34196      0
34197      0
34198      0
34199      0
Name: Units Ordered, Length: 760, dtype: int64"
"('S003', 'P0006')","34200      0
34201     96
34202      0
34203    125
34204      0
        ... 
34955    126
34956    137
34957    111
34958     94
34959    145
Name: Units Ordered, Length: 760, dtype: int64"
"('S003', 'P0007')","34960    552
34961      0
34962      0
34963    670
34964      0
        ... 
35715      0
35716    601
35717      0
35718      0
35719      0
Name: Units Ordered, Length: 760, dtype: int64"
"('S003', 'P0008')","35720      0
35721    306
35722      0
35723    357
35724      0
        ... 
36475      0
36476    278
36477      0
36478    373
36479      0
Name: Units Ordered, Length: 760, dtype: int64"
"('S003', 'P0009')","36480      0
36481     86
36482    156
36483      0
36484    209
        ... 
37235      0
37236    146
37237      0
37238    123
37239    171
Name: Units Ordered, Length: 760, dtype: int64"
"('S003', 'P0010')","37240    127
37241      0
37242    173
37243    157
37244    166
        ... 
37995      0
37996    124
37997     90
37998     76
37999    146
Name: Units Ordered, Length: 760, dtype: int64"
"('S003', 'P0011')","38000    293
38001    386
38002      0
38003      0
38004      0
        ... 
38755      0
38756    176
38757      0
38758    264
38759      0
Name: Units Ordered, Length: 760, dtype: int64"
"('S003', 'P0012')","38760    131
38761    224
38762    306
38763      0
38764      0
        ... 
39515    189
39516      0
39517    200
39518      0
39519      0
Name: Units Ordered, Length: 760, dtype: int64"
"('S003', 'P0013')","39520    743
39521      0
39522    681
39523      0
39524      0
        ... 
40275      0
40276      0
40277      0
40278      0
40279      0
Name: Units Ordered, Length: 760, dtype: int64"
"('S003', 'P0014')","40280      0
40281      0
40282    244
40283    688
40284      0
        ... 
41035      0
41036      0
41037      0
41038      0
41039    400
Name: Units Ordered, Length: 760, dtype: int64"
"('S003', 'P0015')","41040    500
41041    622
41042      0
41043      0
41044      0
        ... 
41795      0
41796    752
41797      0
41798      0
41799      0
Name: Units Ordered, Length: 760, dtype: int64"
"('S003', 'P0016')","41800      0
41801    289
41802      0
41803    233
41804    404
        ... 
42555      0
42556      0
42557      0
42558    185
42559      0
Name: Units Ordered, Length: 760, dtype: int64"
"('S003', 'P0017')","42560    380
42561      0
42562      0
42563    498
42564      0
        ... 
43315      0
43316    545
43317      0
43318      0
43319      0
Name: Units Ordered, Length: 760, dtype: int64"
"('S003', 'P0018')","43320    316
43321      0
43322      0
43323    486
43324      0
        ... 
44075    393
44076      0
44077      0
44078      0
44079      0
Name: Units Ordered, Length: 760, dtype: int64"
"('S003', 'P0019')","44080      0
44081     95
44082    139
44083     83
44084    317
        ... 
44835    109
44836     72
44837    182
44838      0
44839    138
Name: Units Ordered, Length: 760, dtype: int64"
"('S003', 'P0020')","44840    270
44841      0
44842    753
44843      0
44844      0
        ... 
45595      0
45596      0
45597    635
45598      0
45599      0
Name: Units Ordered, Length: 760, dtype: int64"
"('S004', 'P0001')","45600    287
45601    734
45602      0
45603      0
45604      0
        ... 
46355      0
46356      0
46357    782
46358      0
46359      0
Name: Units Ordered, Length: 760, dtype: int64"
"('S004', 'P0002')","46360      0
46361    225
46362      0
46363    357
46364      0
        ... 
47115    239
47116    301
47117      0
47118      0
47119      0
Name: Units Ordered, Length: 760, dtype: int64"
"('S004', 'P0003')","47120    407
47121      0
47122    374
47123      0
47124      0
        ... 
47875      0
47876      0
47877    427
47878      0
47879      0
Name: Units Ordered, Length: 760, dtype: int64"
"('S004', 'P0004')","47880    252
47881      0
47882    229
47883      0
47884      0
        ... 
48635    522
48636      0
48637      0
48638      0
48639    451
Name: Units Ordered, Length: 760, dtype: int64"
"('S004', 'P0005')","48640      0
48641    152
48642    123
48643    172
48644      0
        ... 
49395    128
49396    209
49397    134
49398      0
49399      0
Name: Units Ordered, Length: 760, dtype: int64"
"('S004', 'P0006')","49400    162
49401    268
49402      0
49403      0
49404      0
        ... 
50155    269
50156      0
50157      0
50158    212
50159      0
Name: Units Ordered, Length: 760, dtype: int64"
"('S004', 'P0007')","50160    253
50161    563
50162      0
50163      0
50164      0
        ... 
50915      0
50916    715
50917      0
50918      0
50919      0
Name: Units Ordered, Length: 760, dtype: int64"
"('S004', 'P0008')","50920      0
50921      0
50922      0
50923     63
50924     96
        ... 
51675    111
51676     95
51677      0
51678     92
51679     62
Name: Units Ordered, Length: 760, dtype: int64"
"('S004', 'P0009')","51680    299
51681    494
51682      0
51683      0
51684      0
        ... 
52435      0
52436      0
52437      0
52438      0
52439      0
Name: Units Ordered, Length: 760, dtype: int64"
"('S004', 'P0010')","52440    597
52441      0
52442      0
52443      0
52444    784
        ... 
53195      0
53196      0
53197    553
53198      0
53199      0
Name: Units Ordered, Length: 760, dtype: int64"
"('S004', 'P0011')","53200    293
53201    688
53202      0
53203      0
53204      0
        ... 
53955      0
53956      0
53957      0
53958      0
53959      0
Name: Units Ordered, Length: 760, dtype: int64"
"('S004', 'P0012')","53960    113
53961     71
53962    163
53963      0
53964    131
        ... 
54715     66
54716      0
54717    159
54718    195
54719      0
Name: Units Ordered, Length: 760, dtype: int64"
"('S004', 'P0013')","54720    385
54721    501
54722      0
54723      0
54724      0
        ... 
55475    378
55476      0
55477      0
55478      0
55479      0
Name: Units Ordered, Length: 760, dtype: int64"
"('S004', 'P0014')","55480    122
55481    185
55482      0
55483      0
55484      0
        ... 
56235      0
56236    252
56237    225
56238      0
56239      0
Name: Units Ordered, Length: 760, dtype: int64"
"('S004', 'P0015')","56240      0
56241    200
56242      0
56243    300
56244      0
        ... 
56995    323
56996      0
56997      0
56998      0
56999      0
Name: Units Ordered, Length: 760, dtype: int64"
"('S004', 'P0016')","57000    218
57001      0
57002    365
57003      0
57004      0
        ... 
57755    230
57756      0
57757      0
57758    242
57759      0
Name: Units Ordered, Length: 760, dtype: int64"
"('S004', 'P0017')","57760      0
57761    149
57762    144
57763      0
57764    188
        ... 
58515    124
58516      0
58517    101
58518    153
58519    139
Name: Units Ordered, Length: 760, dtype: int64"
"('S004', 'P0018')","58520      0
58521    104
58522    133
58523     96
58524    119
        ... 
59275     69
59276     91
59277     97
59278     78
59279     71
Name: Units Ordered, Length: 760, dtype: int64"
"('S004', 'P0019')","59280    103
59281    162
59282      0
59283     89
59284     96
        ... 
60035    298
60036      0
60037      0
60038    112
60039      0
Name: Units Ordered, Length: 760, dtype: int64"
"('S004', 'P0020')","60040      0
60041      0
60042    204
60043    329
60044      0
        ... 
60795      0
60796      0
60797      0
60798    124
60799    166
Name: Units Ordered, Length: 760, dtype: int64"
"('S005', 'P0001')","60800    198
60801      0
60802    190
60803      0
60804    339
        ... 
61555      0
61556      0
61557    249
61558      0
61559      0
Name: Units Ordered, Length: 760, dtype: int64"
"('S005', 'P0002')","61560    474
61561      0
61562      0
61563      0
61564      0
        ... 
62315    274
62316      0
62317    301
62318      0
62319    408
Name: Units Ordered, Length: 760, dtype: int64"
"('S005', 'P0003')","62320      0
62321    109
62322    141
62323      0
62324    104
        ... 
63075     88
63076     79
63077    107
63078     96
63079      0
Name: Units Ordered, Length: 760, dtype: int64"
"('S005', 'P0004')","63080    114
63081    109
63082      0
63083     93
63084    117
        ... 
63835    171
63836      0
63837    136
63838     73
63839    126
Name: Units Ordered, Length: 760, dtype: int64"
"('S005', 'P0005')","63840    344
63841      0
63842      0
63843    268
63844      0
        ... 
64595    400
64596      0
64597      0
64598      0
64599    267
Name: Units Ordered, Length: 760, dtype: int64"
"('S005', 'P0006')","64600    300
64601    540
64602      0
64603      0
64604      0
        ... 
65355      0
65356    645
65357      0
65358      0
65359      0
Name: Units Ordered, Length: 760, dtype: int64"
"('S005', 'P0007')","65360      0
65361      0
65362    136
65363    274
65364      0
        ... 
66115    211
66116      0
66117    214
66118      0
66119      0
Name: Units Ordered, Length: 760, dtype: int64"
"('S005', 'P0008')","66120      0
66121    103
66122     58
66123    193
66124      0
        ... 
66875      0
66876    109
66877    124
66878    153
66879      0
Name: Units Ordered, Length: 760, dtype: int64"
"('S005', 'P0009')","66880    268
66881      0
66882      0
66883    482
66884      0
        ... 
67635      0
67636      0
67637    324
67638      0
67639      0
Name: Units Ordered, Length: 760, dtype: int64"
"('S005', 'P0010')","67640    436
67641    629
67642      0
67643      0
67644      0
        ... 
68395      0
68396      0
68397    258
68398      0
68399      0
Name: Units Ordered, Length: 760, dtype: int64"
"('S005', 'P0011')","68400      0
68401    260
68402      0
68403    374
68404      0
        ... 
69155      0
69156      0
69157    399
69158      0
69159      0
Name: Units Ordered, Length: 760, dtype: int64"
"('S005', 'P0012')","69160    371
69161    439
69162      0
69163      0
69164      0
        ... 
69915      0
69916      0
69917      0
69918      0
69919      0
Name: Units Ordered, Length: 760, dtype: int64"
"('S005', 'P0013')","69920    328
69921    319
69922      0
69923      0
69924      0
        ... 
70675      0
70676    578
70677      0
70678      0
70679      0
Name: Units Ordered, Length: 760, dtype: int64"
"('S005', 'P0014')","70680    219
70681      0
70682    319
70683      0
70684      0
        ... 
71435      0
71436      0
71437    305
71438      0
71439      0
Name: Units Ordered, Length: 760, dtype: int64"
"('S005', 'P0015')","71440    203
71441    192
71442      0
71443      0
71444    194
        ... 
72195      0
72196    225
72197    396
72198      0
72199      0
Name: Units Ordered, Length: 760, dtype: int64"
"('S005', 'P0016')","72200    191
72201    209
72202    614
72203      0
72204      0
        ... 
72955      0
72956      0
72957      0
72958    282
72959      0
Name: Units Ordered, Length: 760, dtype: int64"
"('S005', 'P0017')","72960     73
72961      0
72962    130
72963    122
72964      0
        ... 
73715     76
73716    102
73717    111
73718    122
73719    141
Name: Units Ordered, Length: 760, dtype: int64"
"('S005', 'P0018')","73720      0
73721    239
73722      0
73723      0
73724      0
        ... 
74475    136
74476      0
74477    124
74478    197
74479      0
Name: Units Ordered, Length: 760, dtype: int64"
"('S005', 'P0019')","74480      0
74481    113
74482      0
74483      0
74484    176
        ... 
75235      0
75236      0
75237    125
75238    105
75239      0
Name: Units Ordered, Length: 760, dtype: int64"
"('S005', 'P0020')","75240    105
75241      0
75242     73
75243    108
75244    118
        ... 
75995    133
75996      0
75997    122
75998     94
75999     59
Name: Units Ordered, Length: 760, dtype: int64"
"('S001', 'P0001')","0      72.72
1      65.63
2      68.55
3      61.66
4      59.56
       ...  
755    69.69
756    72.78
757    82.25
758    79.88
759    71.56
Name: Price, Length: 760, dtype: float64"
"('S001', 'P0002')","760     80.16
761     74.44
762     78.32
763     69.87
764     57.54
        ...  
1515    71.85
1516    56.71
1517    73.11
1518    61.60
1519    70.55
Name: Price, Length: 760, dtype: float64"
"('S001', 'P0003')","1520    62.94
1521    66.15
1522    51.30
1523    46.51
1524    61.64
        ...  
2275    55.06
2276    50.23
2277    65.47
2278    73.87
2279    59.46
Name: Price, Length: 760, dtype: float64"
"('S001', 'P0004')","2280     87.63
2281     91.64
2282     91.74
2283     88.09
2284     76.08
         ...  
3035     73.50
3036    115.10
3037    101.63
3038     91.24
3039     93.82
Name: Price, Length: 760, dtype: float64"
"('S001', 'P0005')","3040    54.41
3041    63.35
3042    58.17
3043    52.34
3044    57.21
        ...  
3795    61.21
3796    64.51
3797    53.51
3798    64.26
3799    45.82
Name: Price, Length: 760, dtype: float64"
"('S001', 'P0006')","3800    35.53
3801    36.93
3802    36.37
3803    37.81
3804    35.63
        ...  
4555    37.22
4556    36.98
4557    40.88
4558    41.34
4559    37.13
Name: Price, Length: 760, dtype: float64"
"('S001', 'P0007')","4560    23.27
4561    27.22
4562    23.81
4563    25.59
4564    28.84
        ...  
5315    23.64
5316    26.57
5317    24.32
5318    29.47
5319    24.57
Name: Price, Length: 760, dtype: float64"
"('S001', 'P0008')","5320    37.79
5321    37.38
5322    42.35
5323    43.67
5324    39.03
        ...  
6075    42.64
6076    36.72
6077    50.82
6078    47.02
6079    34.68
Name: Price, Length: 760, dtype: float64"
"('S001', 'P0009')","6080     94.20
6081     93.21
6082     98.10
6083     81.46
6084     92.22
         ...  
6835     91.54
6836     94.59
6837    103.92
6838     95.56
6839     90.35
Name: Price, Length: 760, dtype: float64"
"('S001', 'P0010')","6840    113.35
6841    129.03
6842    138.64
6843    133.12
6844    117.69
         ...  
7595    143.16
7596    112.68
7597    118.39
7598    125.31
7599    125.82
Name: Price, Length: 760, dtype: float64"
"('S001', 'P0011')","7600    156.34
7601    175.19
7602    152.23
7603    151.43
7604    137.69
         ...  
8355    170.78
8356    156.51
8357    183.39
8358    148.68
8359    144.42
Name: Price, Length: 760, dtype: float64"
"('S001', 'P0012')","8360     84.48
8361     96.27
8362     88.83
8363     75.21
8364     65.96
         ...  
9115     90.14
9116     94.57
9117     69.97
9118    103.50
9119     83.66
Name: Price, Length: 760, dtype: float64"
"('S001', 'P0013')","9120    33.10
9121    32.72
9122    29.75
9123    28.99
9124    30.86
        ...  
9875    30.78
9876    22.75
9877    27.54
9878    33.06
9879    33.76
Name: Price, Length: 760, dtype: float64"
"('S001', 'P0014')","9880     80.13
9881     70.94
9882     81.49
9883     76.99
9884     73.34
         ...  
10635    77.16
10636    73.74
10637    63.59
10638    64.29
10639    69.99
Name: Price, Length: 760, dtype: float64"
"('S001', 'P0015')","10640    14.39
10641    15.17
10642    16.43
10643    15.01
10644    11.68
         ...  
11395    14.94
11396    14.97
11397    14.46
11398    15.59
11399    13.88
Name: Price, Length: 760, dtype: float64"
"('S001', 'P0016')","11400    38.79
11401    35.58
11402    45.61
11403    40.46
11404    43.67
         ...  
12155    42.88
12156    34.24
12157    46.54
12158    37.05
12159    35.90
Name: Price, Length: 760, dtype: float64"
"('S001', 'P0017')","12160    21.21
12161    17.76
12162    22.74
12163    18.23
12164    17.91
         ...  
12915    21.40
12916    21.66
12917    20.91
12918    22.57
12919    21.59
Name: Price, Length: 760, dtype: float64"
"('S001', 'P0018')","12920    54.40
12921    66.33
12922    72.12
12923    57.88
12924    57.56
         ...  
13675    51.53
13676    57.94
13677    80.70
13678    58.58
13679    52.32
Name: Price, Length: 760, dtype: float64"
"('S001', 'P0019')","13680     95.56
13681     93.29
13682    104.22
13683    109.44
13684     89.13
          ...  
14435    122.74
14436    119.78
14437    109.37
14438    131.71
14439     96.80
Name: Price, Length: 760, dtype: float64"
"('S001', 'P0020')","14440    100.47
14441    119.87
14442     94.75
14443    127.11
14444    122.84
          ...  
15195    116.87
15196    120.96
15197     98.47
15198    118.04
15199    112.50
Name: Price, Length: 760, dtype: float64"
"('S002', 'P0001')","15200     90.89
15201     86.71
15202     84.32
15203    103.11
15204     80.86
          ...  
15955     78.03
15956     99.84
15957     95.25
15958     63.00
15959     78.18
Name: Price, Length: 760, dtype: float64"
"('S002', 'P0002')","15960    25.68
15961    31.70
15962    33.62
15963    29.92
15964    30.80
         ...  
16715    31.25
16716    35.45
16717    30.74
16718    27.26
16719    28.08
Name: Price, Length: 760, dtype: float64"
"('S002', 'P0003')","16720    95.17
16721    66.64
16722    69.50
16723    68.92
16724    75.80
         ...  
17475    87.60
17476    88.50
17477    79.16
17478    82.18
17479    72.20
Name: Price, Length: 760, dtype: float64"
"('S002', 'P0004')","17480    39.54
17481    36.70
17482    37.80
17483    37.63
17484    31.95
         ...  
18235    34.13
18236    41.75
18237    38.55
18238    45.50
18239    36.61
Name: Price, Length: 760, dtype: float64"
"('S002', 'P0005')","18240     92.35
18241     98.83
18242    103.86
18243     74.22
18244     95.04
          ...  
18995     98.74
18996     83.20
18997     94.35
18998     88.55
18999    105.91
Name: Price, Length: 760, dtype: float64"
"('S002', 'P0006')","19000    64.00
19001    66.76
19002    67.06
19003    71.52
19004    63.82
         ...  
19755    64.21
19756    81.28
19757    72.83
19758    63.20
19759    63.58
Name: Price, Length: 760, dtype: float64"
"('S002', 'P0007')","19760    25.47
19761    30.00
19762    27.90
19763    28.57
19764    22.96
         ...  
20515    25.23
20516    28.81
20517    25.23
20518    30.06
20519    26.84
Name: Price, Length: 760, dtype: float64"
"('S002', 'P0008')","20520    25.63
20521    29.35
20522    30.53
20523    26.73
20524    23.51
         ...  
21275    26.32
21276    24.13
21277    28.05
21278    25.52
21279    26.98
Name: Price, Length: 760, dtype: float64"
"('S002', 'P0009')","21280    64.84
21281    74.78
21282    68.23
21283    63.42
21284    86.08
         ...  
22035    70.03
22036    64.97
22037    69.17
22038    59.69
22039    58.06
Name: Price, Length: 760, dtype: float64"
"('S002', 'P0010')","22040    117.17
22041    101.56
22042     86.08
22043     81.42
22044     73.77
          ...  
22795    100.15
22796     80.08
22797     92.96
22798     95.18
22799     86.77
Name: Price, Length: 760, dtype: float64"
"('S002', 'P0011')","22800     84.71
22801     91.40
22802    109.82
22803     94.34
22804    120.94
          ...  
23555     88.91
23556     80.91
23557    107.83
23558    101.16
23559     83.80
Name: Price, Length: 760, dtype: float64"
"('S002', 'P0012')","23560    78.86
23561    65.63
23562    70.05
23563    74.94
23564    56.28
         ...  
24315    58.16
24316    65.62
24317    66.91
24318    61.35
24319    72.63
Name: Price, Length: 760, dtype: float64"
"('S002', 'P0013')","24320    21.76
24321    20.47
24322    18.11
24323    16.91
24324    19.27
         ...  
25075    23.82
25076    17.70
25077    24.54
25078    18.76
25079    24.46
Name: Price, Length: 760, dtype: float64"
"('S002', 'P0014')","25080    100.18
25081    134.04
25082    125.35
25083    124.24
25084    126.06
          ...  
25835    142.81
25836    124.70
25837    105.76
25838    129.18
25839    127.18
Name: Price, Length: 760, dtype: float64"
"('S002', 'P0015')","25840    65.19
25841    65.22
25842    74.64
25843    65.07
25844    69.42
         ...  
26595    70.48
26596    78.91
26597    53.97
26598    74.65
26599    62.11
Name: Price, Length: 760, dtype: float64"
"('S002', 'P0016')","26600    111.87
26601    107.38
26602     69.50
26603     93.55
26604     80.89
          ...  
27355     85.82
27356     88.42
27357     74.48
27358     95.49
27359     91.50
Name: Price, Length: 760, dtype: float64"
"('S002', 'P0017')","27360    18.89
27361    18.69
27362    20.44
27363    17.01
27364    18.76
         ...  
28115    19.01
28116    18.04
28117    20.59
28118    20.90
28119    20.36
Name: Price, Length: 760, dtype: float64"
"('S002', 'P0018')","28120    27.67
28121    26.16
28122    29.14
28123    34.99
28124    22.23
         ...  
28875    31.86
28876    35.26
28877    24.49
28878    28.27
28879    31.17
Name: Price, Length: 760, dtype: float64"
"('S002', 'P0019')","28880    83.09
28881    93.88
28882    96.98
28883    95.83
28884    68.86
         ...  
29635    86.18
29636    78.58
29637    88.79
29638    89.30
29639    89.18
Name: Price, Length: 760, dtype: float64"
"('S002', 'P0020')","29640    125.80
29641    134.40
29642     82.98
29643    143.16
29644    122.57
          ...  
30395    150.44
30396    121.95
30397    125.79
30398    114.95
30399    140.31
Name: Price, Length: 760, dtype: float64"
"('S003', 'P0001')","30400    16.85
30401    15.76
30402    18.83
30403    15.15
30404    18.50
         ...  
31155    14.43
31156    19.45
31157    16.41
31158    14.60
31159    13.26
Name: Price, Length: 760, dtype: float64"
"('S003', 'P0002')","31160    50.42
31161    63.12
31162    60.46
31163    65.96
31164    65.99
         ...  
31915    38.41
31916    49.99
31917    55.55
31918    62.81
31919    55.70
Name: Price, Length: 760, dtype: float64"
"('S003', 'P0003')","31920     83.17
31921    109.88
31922    102.13
31923    110.35
31924    121.31
          ...  
32675     93.99
32676     82.05
32677     88.00
32678     87.23
32679     91.96
Name: Price, Length: 760, dtype: float64"
"('S003', 'P0004')","32680    26.29
32681    19.90
32682    20.88
32683    19.87
32684    22.18
         ...  
33435    24.06
33436    24.50
33437    23.19
33438    23.24
33439    20.93
Name: Price, Length: 760, dtype: float64"
"('S003', 'P0005')","33440    19.80
33441    20.05
33442    17.78
33443    21.41
33444    19.88
         ...  
34195    16.47
34196    21.24
34197    15.89
34198    20.48
34199    25.32
Name: Price, Length: 760, dtype: float64"
"('S003', 'P0006')","34200    44.64
34201    40.69
34202    28.63
34203    40.83
34204    35.38
         ...  
34955    38.21
34956    42.74
34957    35.10
34958    38.30
34959    48.42
Name: Price, Length: 760, dtype: float64"
"('S003', 'P0007')","34960    18.65
34961    16.30
34962    16.06
34963    16.12
34964    14.15
         ...  
35715    14.67
35716    16.60
35717    18.55
35718    16.25
35719    17.13
Name: Price, Length: 760, dtype: float64"
"('S003', 'P0008')","35720    113.01
35721    132.20
35722    123.69
35723    131.49
35724    123.56
          ...  
36475    130.97
36476    115.85
36477    107.28
36478    150.24
36479    116.51
Name: Price, Length: 760, dtype: float64"
"('S003', 'P0009')","36480    56.32
36481    52.56
36482    56.93
36483    43.15
36484    64.79
         ...  
37235    50.76
37236    59.53
37237    55.11
37238    61.48
37239    63.68
Name: Price, Length: 760, dtype: float64"
"('S003', 'P0010')","37240    36.21
37241    32.73
37242    52.41
37243    42.18
37244    40.80
         ...  
37995    28.88
37996    37.63
37997    35.91
37998    34.81
37999    45.80
Name: Price, Length: 760, dtype: float64"
"('S003', 'P0011')","38000    131.16
38001    113.61
38002    105.49
38003    142.09
38004    130.31
          ...  
38755    115.73
38756    132.62
38757    121.83
38758    118.40
38759    147.24
Name: Price, Length: 760, dtype: float64"
"('S003', 'P0012')","38760    105.94
38761     90.21
38762     93.48
38763     87.64
38764    100.54
          ...  
39515    105.19
39516     99.10
39517    117.96
39518     92.10
39519     84.97
Name: Price, Length: 760, dtype: float64"
"('S003', 'P0013')","39520    86.78
39521    69.14
39522    94.01
39523    66.90
39524    68.96
         ...  
40275    58.44
40276    77.30
40277    74.15
40278    71.63
40279    74.45
Name: Price, Length: 760, dtype: float64"
"('S003', 'P0014')","40280     61.69
40281     84.21
40282     89.29
40283    101.60
40284     96.42
          ...  
41035     99.02
41036     76.13
41037    102.03
41038     94.39
41039    119.68
Name: Price, Length: 760, dtype: float64"
"('S003', 'P0015')","41040     98.46
41041    100.93
41042     81.54
41043    132.02
41044     94.15
          ...  
41795     89.83
41796    100.60
41797     80.27
41798     87.74
41799    104.09
Name: Price, Length: 760, dtype: float64"
"('S003', 'P0016')","41800     94.11
41801    126.78
41802     87.62
41803    105.97
41804    100.22
          ...  
42555    108.65
42556     97.80
42557     85.53
42558    100.15
42559    104.37
Name: Price, Length: 760, dtype: float64"
"('S003', 'P0017')","42560    112.23
42561    107.38
42562    114.31
42563    138.36
42564    128.92
          ...  
43315    140.60
43316    110.74
43317    138.64
43318    129.08
43319    140.72
Name: Price, Length: 760, dtype: float64"
"('S003', 'P0018')","43320    134.95
43321    127.98
43322    125.69
43323    123.23
43324    122.47
          ...  
44075    115.10
44076     95.39
44077    137.92
44078    136.75
44079    142.21
Name: Price, Length: 760, dtype: float64"
"('S003', 'P0019')","44080    59.71
44081    56.72
44082    65.05
44083    55.43
44084    69.98
         ...  
44835    43.58
44836    49.37
44837    68.01
44838    52.03
44839    61.45
Name: Price, Length: 760, dtype: float64"
"('S003', 'P0020')","44840    65.81
44841    73.57
44842    77.03
44843    80.20
44844    71.56
         ...  
45595    60.98
45596    78.96
45597    81.08
45598    73.80
45599    70.60
Name: Price, Length: 760, dtype: float64"
"('S004', 'P0001')","45600    10.47
45601    12.67
45602    12.83
45603    10.55
45604     9.25
         ...  
46355     9.59
46356    12.53
46357    13.93
46358    12.40
46359    11.43
Name: Price, Length: 760, dtype: float64"
"('S004', 'P0002')","46360    19.12
46361    23.71
46362    18.58
46363    24.76
46364    23.60
         ...  
47115    17.66
47116    21.15
47117    20.25
47118    21.77
47119    17.57
Name: Price, Length: 760, dtype: float64"
"('S004', 'P0003')","47120    134.16
47121    142.86
47122    126.27
47123    165.54
47124    121.52
          ...  
47875    139.90
47876    138.81
47877    139.28
47878    139.28
47879    131.83
Name: Price, Length: 760, dtype: float64"
"('S004', 'P0004')","47880    51.64
47881    38.88
47882    55.00
47883    46.09
47884    47.66
         ...  
48635    59.81
48636    67.80
48637    48.42
48638    56.55
48639    62.88
Name: Price, Length: 760, dtype: float64"
"('S004', 'P0005')","48640    89.23
48641    83.84
48642    71.68
48643    81.79
48644    80.18
         ...  
49395    82.01
49396    88.12
49397    78.25
49398    63.33
49399    77.49
Name: Price, Length: 760, dtype: float64"
"('S004', 'P0006')","49400    35.33
49401    40.95
49402    29.24
49403    35.73
49404    28.72
         ...  
50155    41.58
50156    35.19
50157    38.72
50158    41.05
50159    36.62
Name: Price, Length: 760, dtype: float64"
"('S004', 'P0007')","50160    24.34
50161    36.85
50162    29.23
50163    25.97
50164    28.22
         ...  
50915    26.87
50916    36.14
50917    34.25
50918    26.37
50919    32.25
Name: Price, Length: 760, dtype: float64"
"('S004', 'P0008')","50920    100.64
50921     84.29
50922     98.36
50923     93.91
50924     89.39
          ...  
51675    116.52
51676     86.53
51677     88.42
51678     91.33
51679     86.87
Name: Price, Length: 760, dtype: float64"
"('S004', 'P0009')","51680    110.47
51681    120.17
51682    128.21
51683    143.79
51684     96.07
          ...  
52435    143.40
52436    109.71
52437    116.31
52438     94.97
52439    120.79
Name: Price, Length: 760, dtype: float64"
"('S004', 'P0010')","52440    30.02
52441    23.81
52442    25.38
52443    23.58
52444    29.29
         ...  
53195    25.05
53196    25.76
53197    28.05
53198    24.64
53199    27.62
Name: Price, Length: 760, dtype: float64"
"('S004', 'P0011')","53200    52.89
53201    64.39
53202    69.83
53203    55.29
53204    61.57
         ...  
53955    58.18
53956    46.54
53957    46.46
53958    63.24
53959    53.84
Name: Price, Length: 760, dtype: float64"
"('S004', 'P0012')","53960    118.15
53961     94.35
53962    114.62
53963     97.47
53964    111.58
          ...  
54715    115.69
54716     88.58
54717    127.82
54718    142.51
54719    119.62
Name: Price, Length: 760, dtype: float64"
"('S004', 'P0013')","54720    20.24
54721    24.95
54722    22.69
54723    21.87
54724    20.75
         ...  
55475    25.07
55476    18.11
55477    23.84
55478    19.83
55479    16.21
Name: Price, Length: 760, dtype: float64"
"('S004', 'P0014')","55480    148.46
55481    175.28
55482    151.73
55483    110.34
55484    119.71
          ...  
56235    173.79
56236    142.69
56237    188.25
56238    164.00
56239    138.93
Name: Price, Length: 760, dtype: float64"
"('S004', 'P0015')","56240     86.47
56241     74.92
56242     85.00
56243    103.84
56244     89.97
          ...  
56995     91.45
56996     87.52
56997     76.20
56998     84.80
56999     80.54
Name: Price, Length: 760, dtype: float64"
"('S004', 'P0016')","57000    110.39
57001    122.71
57002    116.65
57003    114.25
57004    107.39
          ...  
57755    124.94
57756    118.96
57757    111.03
57758    110.55
57759    110.44
Name: Price, Length: 760, dtype: float64"
"('S004', 'P0017')","57760     84.83
57761    117.24
57762    105.00
57763     67.23
57764    131.36
          ...  
58515    110.35
58516     69.85
58517     78.13
58518    103.66
58519    105.91
Name: Price, Length: 760, dtype: float64"
"('S004', 'P0018')","58520    141.31
58521    169.09
58522    185.13
58523    155.02
58524    147.45
          ...  
59275    149.85
59276    140.63
59277    135.83
59278    165.40
59279    156.83
Name: Price, Length: 760, dtype: float64"
"('S004', 'P0019')","59280    56.86
59281    66.93
59282    55.99
59283    53.04
59284    43.10
         ...  
60035    82.81
60036    47.41
60037    52.51
60038    61.62
60039    62.67
Name: Price, Length: 760, dtype: float64"
"('S004', 'P0020')","60040    124.97
60041    114.90
60042    111.07
60043    158.31
60044    120.97
          ...  
60795    130.71
60796    121.73
60797    103.74
60798    132.36
60799    132.53
Name: Price, Length: 760, dtype: float64"
"('S005', 'P0001')","60800    11.46
60801    11.70
60802    10.87
60803    12.03
60804    13.08
         ...  
61555    12.74
61556     9.75
61557    12.51
61558    12.80
61559    12.04
Name: Price, Length: 760, dtype: float64"
"('S005', 'P0002')","61560    48.68
61561    40.81
61562    38.42
61563    39.78
61564    40.30
         ...  
62315    31.54
62316    33.49
62317    46.61
62318    44.71
62319    49.68
Name: Price, Length: 760, dtype: float64"
"('S005', 'P0003')","62320    29.57
62321    29.13
62322    29.53
62323    22.64
62324    29.04
         ...  
63075    30.23
63076    28.42
63077    25.66
63078    30.75
63079    32.93
Name: Price, Length: 760, dtype: float64"
"('S005', 'P0004')","63080    7.45
63081    7.79
63082    6.37
63083    7.04
63084    7.01
         ... 
63835    8.52
63836    6.97
63837    8.05
63838    6.69
63839    7.73
Name: Price, Length: 760, dtype: float64"
"('S005', 'P0005')","63840    20.02
63841    15.31
63842    15.19
63843    18.83
63844    10.42
         ...  
64595    19.54
64596    13.46
64597    16.33
64598    20.94
64599    17.12
Name: Price, Length: 760, dtype: float64"
"('S005', 'P0006')","64600    53.49
64601    56.83
64602    57.20
64603    53.05
64604    52.86
         ...  
65355    55.26
65356    71.80
65357    46.74
65358    52.66
65359    72.40
Name: Price, Length: 760, dtype: float64"
"('S005', 'P0007')","65360    82.73
65361    56.72
65362    77.66
65363    87.87
65364    77.36
         ...  
66115    78.25
66116    68.50
66117    77.49
66118    91.74
66119    74.58
Name: Price, Length: 760, dtype: float64"
"('S005', 'P0008')","66120    73.42
66121    58.77
66122    54.45
66123    72.27
66124    59.97
         ...  
66875    67.79
66876    53.02
66877    66.56
66878    73.35
66879    59.36
Name: Price, Length: 760, dtype: float64"
"('S005', 'P0009')","66880     94.75
66881    103.03
66882     98.97
66883     83.39
66884     73.22
          ...  
67635     84.42
67636     84.06
67637     91.25
67638     90.63
67639     99.52
Name: Price, Length: 760, dtype: float64"
"('S005', 'P0010')","67640    70.86
67641    72.29
67642    67.22
67643    67.01
67644    53.57
         ...  
68395    48.64
68396    48.67
68397    57.60
68398    61.19
68399    52.94
Name: Price, Length: 760, dtype: float64"
"('S005', 'P0011')","68400    62.12
68401    57.17
68402    75.78
68403    85.83
68404    76.89
         ...  
69155    81.97
69156    74.94
69157    76.43
69158    72.10
69159    74.76
Name: Price, Length: 760, dtype: float64"
"('S005', 'P0012')","69160    133.86
69161    131.02
69162    143.23
69163     96.76
69164    123.61
          ...  
69915    125.10
69916    125.30
69917    146.74
69918    127.95
69919    107.91
Name: Price, Length: 760, dtype: float64"
"('S005', 'P0013')","69920    71.03
69921    75.50
69922    74.98
69923    77.38
69924    66.97
         ...  
70675    81.68
70676    83.52
70677    83.01
70678    80.88
70679    78.12
Name: Price, Length: 760, dtype: float64"
"('S005', 'P0014')","70680    161.18
70681    160.24
70682    178.05
70683    150.93
70684    133.69
          ...  
71435    152.02
71436    152.90
71437    172.03
71438    184.11
71439    182.88
Name: Price, Length: 760, dtype: float64"
"('S005', 'P0015')","71440    44.36
71441    45.46
71442    50.38
71443    49.18
71444    45.39
         ...  
72195    49.67
72196    48.40
72197    49.38
72198    52.13
72199    48.62
Name: Price, Length: 760, dtype: float64"
"('S005', 'P0016')","72200    32.84
72201    35.13
72202    41.54
72203    36.59
72204    33.68
         ...  
72955    33.65
72956    31.04
72957    31.57
72958    36.68
72959    29.80
Name: Price, Length: 760, dtype: float64"
"('S005', 'P0017')","72960    33.04
72961    31.63
72962    40.18
72963    29.38
72964    37.15
         ...  
73715    35.19
73716    35.64
73717    33.15
73718    44.56
73719    42.92
Name: Price, Length: 760, dtype: float64"
"('S005', 'P0018')","73720    22.41
73721    28.59
73722    18.73
73723    19.53
73724    13.19
         ...  
74475    18.54
74476    22.13
74477    20.79
74478    27.99
74479    17.81
Name: Price, Length: 760, dtype: float64"
"('S005', 'P0019')","74480    119.15
74481    119.41
74482    129.42
74483    126.83
74484    124.92
          ...  
75235    139.19
75236    120.38
75237    140.55
75238    120.56
75239    151.72
Name: Price, Length: 760, dtype: float64"
"('S005', 'P0020')","75240    28.66
75241    26.62
75242    25.70
75243    33.42
75244    25.81
         ...  
75995    34.99
75996    22.55
75997    30.87
75998    31.95
75999    25.78
Name: Price, Length: 760, dtype: float64"
"('S001', 'P0001')","0       5
1       5
2      15
3      10
4      25
       ..
755     0
756     0
757     0
758     0
759    10
Name: Discount, Length: 760, dtype: int64"
"('S001', 'P0002')","760     15
761     10
762      0
763      0
764     10
        ..
1515    10
1516    25
1517     0
1518     0
1519     0
Name: Discount, Length: 760, dtype: int64"
"('S001', 'P0003')","1520    10
1521     0
1522    10
1523    20
1524     0
        ..
2275     5
2276     0
2277    10
2278     5
2279    10
Name: Discount, Length: 760, dtype: int64"
"('S001', 'P0004')","2280    10
2281    10
2282     5
2283     5
2284    25
        ..
3035    25
3036     0
3037    10
3038    10
3039    10
Name: Discount, Length: 760, dtype: int64"
"('S001', 'P0005')","3040     0
3041     0
3042    25
3043    20
3044    15
        ..
3795    20
3796    15
3797     5
3798     5
3799     0
Name: Discount, Length: 760, dtype: int64"
"('S001', 'P0006')","3800     0
3801     5
3802    15
3803    10
3804    25
        ..
4555     0
4556    10
4557    10
4558     5
4559    10
Name: Discount, Length: 760, dtype: int64"
"('S001', 'P0007')","4560     5
4561     0
4562     5
4563    20
4564     0
        ..
5315    10
5316    15
5317     0
5318     5
5319     0
Name: Discount, Length: 760, dtype: int64"
"('S001', 'P0008')","5320     5
5321     5
5322     0
5323    10
5324    10
        ..
6075    10
6076    20
6077     0
6078     0
6079    10
Name: Discount, Length: 760, dtype: int64"
"('S001', 'P0009')","6080     5
6081    10
6082     0
6083    15
6084    10
        ..
6835     5
6836    25
6837    10
6838     5
6839     0
Name: Discount, Length: 760, dtype: int64"
"('S001', 'P0010')","6840    10
6841    10
6842     0
6843     0
6844    15
        ..
7595     0
7596    10
7597    10
7598     0
7599     5
Name: Discount, Length: 760, dtype: int64"
"('S001', 'P0011')","7600     0
7601    10
7602    10
7603    10
7604    25
        ..
8355    10
8356     5
8357     0
8358    10
8359     5
Name: Discount, Length: 760, dtype: int64"
"('S001', 'P0012')","8360     0
8361    10
8362    20
8363    10
8364    25
        ..
9115     5
9116     5
9117    10
9118     5
9119     0
Name: Discount, Length: 760, dtype: int64"
"('S001', 'P0013')","9120     5
9121    10
9122     0
9123    25
9124     0
        ..
9875    10
9876    25
9877     5
9878     5
9879     5
Name: Discount, Length: 760, dtype: int64"
"('S001', 'P0014')","9880     10
9881      0
9882      5
9883     10
9884     15
         ..
10635     0
10636    20
10637     5
10638    10
10639     0
Name: Discount, Length: 760, dtype: int64"
"('S001', 'P0015')","10640     5
10641    10
10642     0
10643     0
10644    10
         ..
11395    25
11396    20
11397    10
11398     5
11399    10
Name: Discount, Length: 760, dtype: int64"
"('S001', 'P0016')","11400    10
11401     0
11402    15
11403     0
11404    20
         ..
12155     0
12156     0
12157     0
12158     5
12159     5
Name: Discount, Length: 760, dtype: int64"
"('S001', 'P0017')","12160     0
12161    10
12162     0
12163    10
12164    10
         ..
12915     5
12916    15
12917    25
12918     5
12919     5
Name: Discount, Length: 760, dtype: int64"
"('S001', 'P0018')","12920     5
12921    10
12922     0
12923    10
12924    20
         ..
13675    20
13676    20
13677    15
13678    10
13679    10
Name: Discount, Length: 760, dtype: int64"
"('S001', 'P0019')","13680    10
13681    10
13682    10
13683     5
13684    15
         ..
14435    15
14436     0
14437     5
14438     0
14439    10
Name: Discount, Length: 760, dtype: int64"
"('S001', 'P0020')","14440     5
14441    10
14442    25
14443    10
14444    20
         ..
15195     5
15196     5
15197    25
15198     5
15199     5
Name: Discount, Length: 760, dtype: int64"
"('S002', 'P0001')","15200     0
15201    10
15202    20
15203     0
15204    20
         ..
15955     5
15956     0
15957     0
15958    10
15959     5
Name: Discount, Length: 760, dtype: int64"
"('S002', 'P0002')","15960    25
15961     0
15962     5
15963    10
15964     5
         ..
16715    15
16716    20
16717    10
16718    10
16719    10
Name: Discount, Length: 760, dtype: int64"
"('S002', 'P0003')","16720    10
16721    10
16722    10
16723    25
16724     0
         ..
17475    10
17476     5
17477    25
17478     5
17479     5
Name: Discount, Length: 760, dtype: int64"
"('S002', 'P0004')","17480    10
17481     5
17482     0
17483    10
17484    15
         ..
18235    25
18236    10
18237    20
18238     5
18239    10
Name: Discount, Length: 760, dtype: int64"
"('S002', 'P0005')","18240     0
18241     5
18242    10
18243    15
18244    15
         ..
18995    20
18996    20
18997     5
18998     0
18999     0
Name: Discount, Length: 760, dtype: int64"
"('S002', 'P0006')","19000     5
19001    10
19002    25
19003     0
19004    10
         ..
19755    10
19756     0
19757    15
19758    10
19759    10
Name: Discount, Length: 760, dtype: int64"
"('S002', 'P0007')","19760    10
19761     0
19762     0
19763    10
19764    10
         ..
20515    10
20516    20
20517     0
20518    10
20519    10
Name: Discount, Length: 760, dtype: int64"
"('S002', 'P0008')","20520     5
20521     0
20522     0
20523     0
20524    25
         ..
21275     5
21276    25
21277     0
21278    10
21279     0
Name: Discount, Length: 760, dtype: int64"
"('S002', 'P0009')","21280    10
21281     0
21282    10
21283    20
21284    10
         ..
22035     5
22036    15
22037     0
22038     5
22039    10
Name: Discount, Length: 760, dtype: int64"
"('S002', 'P0010')","22040     5
22041    25
22042    10
22043    10
22044    15
         ..
22795     0
22796    25
22797     0
22798     5
22799    10
Name: Discount, Length: 760, dtype: int64"
"('S002', 'P0011')","22800    10
22801    15
22802     0
22803    10
22804    10
         ..
23555     0
23556     5
23557     0
23558    10
23559     0
Name: Discount, Length: 760, dtype: int64"
"('S002', 'P0012')","23560     0
23561    15
23562    20
23563    10
23564    15
         ..
24315     0
24316     0
24317     0
24318    10
24319     0
Name: Discount, Length: 760, dtype: int64"
"('S002', 'P0013')","24320    10
24321     0
24322    10
24323    20
24324    10
         ..
25075     0
25076    25
25077     5
25078    10
25079     5
Name: Discount, Length: 760, dtype: int64"
"('S002', 'P0014')","25080    10
25081    10
25082    10
25083    15
25084    20
         ..
25835     0
25836    15
25837     0
25838     0
25839     5
Name: Discount, Length: 760, dtype: int64"
"('S002', 'P0015')","25840    10
25841    20
25842    10
25843     5
25844     0
         ..
26595    25
26596    10
26597    10
26598     0
26599     0
Name: Discount, Length: 760, dtype: int64"
"('S002', 'P0016')","26600     5
26601     0
26602    25
26603     5
26604    25
         ..
27355     5
27356     5
27357     5
27358    10
27359     5
Name: Discount, Length: 760, dtype: int64"
"('S002', 'P0017')","27360     5
27361    10
27362     0
27363    25
27364    10
         ..
28115     5
28116    15
28117    15
28118     0
28119     0
Name: Discount, Length: 760, dtype: int64"
"('S002', 'P0018')","28120     0
28121     5
28122    10
28123    10
28124    25
         ..
28875    15
28876    10
28877    25
28878     0
28879     5
Name: Discount, Length: 760, dtype: int64"
"('S002', 'P0019')","28880    10
28881     0
28882     5
28883    10
28884    20
         ..
29635    20
29636     5
29637    10
29638    10
29639    10
Name: Discount, Length: 760, dtype: int64"
"('S002', 'P0020')","29640     0
29641     0
29642    25
29643     5
29644    10
         ..
30395     5
30396     5
30397    20
30398     5
30399     0
Name: Discount, Length: 760, dtype: int64"
"('S003', 'P0001')","30400    10
30401     5
30402    10
30403    10
30404    20
         ..
31155    10
31156     0
31157     5
31158     0
31159    10
Name: Discount, Length: 760, dtype: int64"
"('S003', 'P0002')","31160    10
31161    10
31162     0
31163     0
31164     0
         ..
31915    25
31916    15
31917    10
31918     0
31919    10
Name: Discount, Length: 760, dtype: int64"
"('S003', 'P0003')","31920    20
31921     0
31922    10
31923    10
31924    10
         ..
32675     0
32676     5
32677    20
32678     5
32679     5
Name: Discount, Length: 760, dtype: int64"
"('S003', 'P0004')","32680     5
32681     0
32682    10
32683     5
32684    20
         ..
33435    20
33436    10
33437    20
33438     5
33439     5
Name: Discount, Length: 760, dtype: int64"
"('S003', 'P0005')","33440     5
33441    10
33442    15
33443    20
33444    20
         ..
34195    25
34196    15
34197    10
34198     0
34199     5
Name: Discount, Length: 760, dtype: int64"
"('S003', 'P0006')","34200     0
34201     0
34202    15
34203     0
34204    10
         ..
34955    10
34956     0
34957    15
34958     0
34959     0
Name: Discount, Length: 760, dtype: int64"
"('S003', 'P0007')","34960     0
34961    10
34962     5
34963    20
34964    10
         ..
35715    10
35716    20
35717     0
35718     5
35719     0
Name: Discount, Length: 760, dtype: int64"
"('S003', 'P0008')","35720     0
35721     5
35722    10
35723    10
35724    25
         ..
36475     0
36476    15
36477     0
36478     0
36479     5
Name: Discount, Length: 760, dtype: int64"
"('S003', 'P0009')","36480     5
36481    10
36482    10
36483    25
36484    15
         ..
37235     5
37236    10
37237     5
37238     5
37239     0
Name: Discount, Length: 760, dtype: int64"
"('S003', 'P0010')","37240    10
37241    20
37242     5
37243     5
37244    15
         ..
37995     0
37996    15
37997    10
37998    10
37999     0
Name: Discount, Length: 760, dtype: int64"
"('S003', 'P0011')","38000    10
38001    25
38002     5
38003     0
38004    25
         ..
38755     5
38756     0
38757     5
38758    10
38759     0
Name: Discount, Length: 760, dtype: int64"
"('S003', 'P0012')","38760     0
38761    15
38762    25
38763    20
38764    20
         ..
39515     0
39516    10
39517     0
39518     0
39519    10
Name: Discount, Length: 760, dtype: int64"
"('S003', 'P0013')","39520    10
39521     0
39522     0
39523    25
39524     5
         ..
40275    10
40276    10
40277    10
40278     5
40279     5
Name: Discount, Length: 760, dtype: int64"
"('S003', 'P0014')","40280    25
40281     0
40282     5
40283    25
40284    20
         ..
41035    10
41036    10
41037    10
41038     0
41039     0
Name: Discount, Length: 760, dtype: int64"
"('S003', 'P0015')","41040    10
41041    20
41042     0
41043     5
41044     0
         ..
41795    25
41796    20
41797    25
41798    10
41799    10
Name: Discount, Length: 760, dtype: int64"
"('S003', 'P0016')","41800    10
41801     0
41802    25
41803     5
41804    25
         ..
42555    10
42556     0
42557    10
42558     5
42559     5
Name: Discount, Length: 760, dtype: int64"
"('S003', 'P0017')","42560    10
42561     5
42562     0
42563    10
42564     0
         ..
43315     5
43316    25
43317    10
43318     0
43319     5
Name: Discount, Length: 760, dtype: int64"
"('S003', 'P0018')","43320     5
43321    10
43322     5
43323    20
43324    20
         ..
44075    25
44076    15
44077    10
44078     5
44079     0
Name: Discount, Length: 760, dtype: int64"
"('S003', 'P0019')","44080     0
44081     5
44082     0
44083     0
44084    25
         ..
44835    25
44836     5
44837     5
44838     0
44839     5
Name: Discount, Length: 760, dtype: int64"
"('S003', 'P0020')","44840     5
44841     5
44842    20
44843     0
44844    25
         ..
45595    10
45596     5
45597    15
45598     5
45599    10
Name: Discount, Length: 760, dtype: int64"
"('S004', 'P0001')","45600     0
45601    10
45602    15
45603     0
45604    20
         ..
46355    10
46356     0
46357     5
46358    10
46359     5
Name: Discount, Length: 760, dtype: int64"
"('S004', 'P0002')","46360    10
46361     0
46362    10
46363     0
46364     0
         ..
47115    20
47116    20
47117     0
47118     5
47119     0
Name: Discount, Length: 760, dtype: int64"
"('S004', 'P0003')","47120    20
47121     5
47122    20
47123    10
47124    10
         ..
47875    10
47876     5
47877    20
47878     0
47879     5
Name: Discount, Length: 760, dtype: int64"
"('S004', 'P0004')","47880     0
47881     5
47882     0
47883    10
47884    15
         ..
48635    20
48636     0
48637    20
48638    10
48639     0
Name: Discount, Length: 760, dtype: int64"
"('S004', 'P0005')","48640    10
48641    10
48642    15
48643    10
48644    10
         ..
49395    10
49396    15
49397    10
49398     5
49399     0
Name: Discount, Length: 760, dtype: int64"
"('S004', 'P0006')","49400     0
49401     5
49402    25
49403     5
49404    20
         ..
50155     5
50156     0
50157    25
50158     0
50159     5
Name: Discount, Length: 760, dtype: int64"
"('S004', 'P0007')","50160     5
50161     0
50162     0
50163    20
50164     5
         ..
50915    10
50916    10
50917     5
50918    10
50919    10
Name: Discount, Length: 760, dtype: int64"
"('S004', 'P0008')","50920     0
50921     5
50922    10
50923     5
50924    20
         ..
51675     0
51676    15
51677    10
51678    10
51679    10
Name: Discount, Length: 760, dtype: int64"
"('S004', 'P0009')","51680     5
51681    10
51682     0
51683    15
51684    20
         ..
52435     0
52436    25
52437     0
52438     5
52439    10
Name: Discount, Length: 760, dtype: int64"
"('S004', 'P0010')","52440     0
52441    20
52442    10
52443     0
52444    20
         ..
53195     5
53196    15
53197     5
53198    10
53199     5
Name: Discount, Length: 760, dtype: int64"
"('S004', 'P0011')","53200     0
53201    25
53202    10
53203    10
53204    15
         ..
53955     0
53956    10
53957    10
53958     0
53959    10
Name: Discount, Length: 760, dtype: int64"
"('S004', 'P0012')","53960     0
53961    15
53962    25
53963    25
53964    20
         ..
54715     0
54716    10
54717    10
54718     0
54719     0
Name: Discount, Length: 760, dtype: int64"
"('S004', 'P0013')","54720    10
54721     0
54722     0
54723    20
54724     5
         ..
55475     0
55476    25
55477     0
55478    10
55479     0
Name: Discount, Length: 760, dtype: int64"
"('S004', 'P0014')","55480    10
55481     0
55482    10
55483    25
55484    25
         ..
56235     5
56236    25
56237    10
56238    10
56239    10
Name: Discount, Length: 760, dtype: int64"
"('S004', 'P0015')","56240     5
56241    20
56242    10
56243     0
56244     5
         ..
56995    15
56996    25
56997    25
56998    10
56999    10
Name: Discount, Length: 760, dtype: int64"
"('S004', 'P0016')","57000    10
57001     0
57002    10
57003     5
57004    20
         ..
57755     5
57756     5
57757    10
57758     5
57759     0
Name: Discount, Length: 760, dtype: int64"
"('S004', 'P0017')","57760    10
57761     0
57762     5
57763    20
57764     0
         ..
58515     0
58516    25
58517    25
58518    10
58519     0
Name: Discount, Length: 760, dtype: int64"
"('S004', 'P0018')","58520    10
58521     5
58522    10
58523    20
58524    20
         ..
59275    10
59276    20
59277    20
59278    10
59279     5
Name: Discount, Length: 760, dtype: int64"
"('S004', 'P0019')","59280    10
59281     5
59282     0
59283    10
59284    25
         ..
60035    15
60036    10
60037     0
60038    10
60039    10
Name: Discount, Length: 760, dtype: int64"
"('S004', 'P0020')","60040    10
60041     5
60042    25
60043     5
60044    15
         ..
60795     0
60796     5
60797    25
60798     0
60799    10
Name: Discount, Length: 760, dtype: int64"
"('S005', 'P0001')","60800     5
60801     0
60802    15
60803     0
60804    10
         ..
61555    10
61556    10
61557    10
61558     5
61559     5
Name: Discount, Length: 760, dtype: int64"
"('S005', 'P0002')","61560    10
61561    10
61562    10
61563     0
61564     0
         ..
62315    25
62316    20
62317     0
62318     5
62319     0
Name: Discount, Length: 760, dtype: int64"
"('S005', 'P0003')","62320    20
62321    10
62322    10
62323    15
62324    10
         ..
63075     0
63076     5
63077    20
63078     5
63079     0
Name: Discount, Length: 760, dtype: int64"
"('S005', 'P0004')","63080    10
63081    10
63082    10
63083    10
63084    10
         ..
63835    10
63836     0
63837    10
63838    10
63839     5
Name: Discount, Length: 760, dtype: int64"
"('S005', 'P0005')","63840     0
63841    10
63842    20
63843    10
63844    25
         ..
64595    20
64596    25
64597     5
64598     0
64599     5
Name: Discount, Length: 760, dtype: int64"
"('S005', 'P0006')","64600     5
64601    10
64602    20
64603    10
64604    15
         ..
65355     0
65356     0
65357    25
65358    10
65359     0
Name: Discount, Length: 760, dtype: int64"
"('S005', 'P0007')","65360     0
65361     0
65362     5
65363    15
65364    10
         ..
66115     5
66116    15
66117     5
66118     5
66119     0
Name: Discount, Length: 760, dtype: int64"
"('S005', 'P0008')","66120     0
66121    10
66122     5
66123     5
66124    15
         ..
66875     5
66876    25
66877     5
66878    10
66879     5
Name: Discount, Length: 760, dtype: int64"
"('S005', 'P0009')","66880     0
66881     0
66882     0
66883    25
66884    25
         ..
67635     0
67636    15
67637     5
67638     0
67639     0
Name: Discount, Length: 760, dtype: int64"
"('S005', 'P0010')","67640     0
67641    10
67642    10
67643     0
67644    25
         ..
68395     0
68396    25
68397     5
68398     0
68399     5
Name: Discount, Length: 760, dtype: int64"
"('S005', 'P0011')","68400     0
68401    20
68402    10
68403     0
68404    10
         ..
69155    10
69156     5
69157    10
69158     0
69159     0
Name: Discount, Length: 760, dtype: int64"
"('S005', 'P0012')","69160     5
69161    10
69162    10
69163    15
69164    10
         ..
69915     0
69916     0
69917     0
69918     5
69919    10
Name: Discount, Length: 760, dtype: int64"
"('S005', 'P0013')","69920    10
69921     5
69922     0
69923    15
69924     0
         ..
70675     5
70676    15
70677     0
70678    10
70679     0
Name: Discount, Length: 760, dtype: int64"
"('S005', 'P0014')","70680    10
70681     5
70682     0
70683    20
70684    20
         ..
71435     5
71436    10
71437     0
71438     0
71439     5
Name: Discount, Length: 760, dtype: int64"
"('S005', 'P0015')","71440    10
71441    15
71442     5
71443     0
71444    10
         ..
72195    20
72196    10
72197    25
72198     0
72199    10
Name: Discount, Length: 760, dtype: int64"
"('S005', 'P0016')","72200     0
72201     0
72202    10
72203     0
72204    15
         ..
72955     0
72956     0
72957     5
72958     0
72959     5
Name: Discount, Length: 760, dtype: int64"
"('S005', 'P0017')","72960    10
72961     5
72962     0
72963    25
72964     0
         ..
73715     5
73716    10
73717    15
73718     0
73719     5
Name: Discount, Length: 760, dtype: int64"
"('S005', 'P0018')","73720     0
73721    10
73722    10
73723    15
73724    25
         ..
74475    25
74476    15
74477    15
74478    10
74479    10
Name: Discount, Length: 760, dtype: int64"
"('S005', 'P0019')","74480    10
74481    10
74482     5
74483     0
74484    15
         ..
75235    10
75236    10
75237     0
75238    10
75239     0
Name: Discount, Length: 760, dtype: int64"
"('S005', 'P0020')","75240    10
75241    10
75242    10
75243     5
75244    20
         ..
75995     0
75996    10
75997    15
75998     5
75999    10
Name: Discount, Length: 760, dtype: int64"
"('S001', 'P0001')","0      85.73
1      73.66
2      80.73
3      54.88
4      57.34
       ...  
755    65.77
756    78.04
757    93.15
758    75.59
759    66.66
Name: Competitor Pricing, Length: 760, dtype: float64"
"('S001', 'P0002')","760     92.02
761     87.66
762     77.58
763     81.54
764     63.99
        ...  
1515    67.68
1516    51.22
1517    67.11
1518    60.46
1519    74.50
Name: Competitor Pricing, Length: 760, dtype: float64"
"('S001', 'P0003')","1520    60.08
1521    74.15
1522    56.00
1523    41.33
1524    69.67
        ...  
2275    53.05
2276    53.98
2277    76.51
2278    67.48
2279    58.67
Name: Competitor Pricing, Length: 760, dtype: float64"
"('S001', 'P0004')","2280     85.19
2281    105.17
2282    105.94
2283    100.36
2284     75.04
         ...  
3035     88.44
3036    135.49
3037    118.76
3038    109.66
3039    105.60
Name: Competitor Pricing, Length: 760, dtype: float64"
"('S001', 'P0005')","3040    51.63
3041    61.20
3042    57.29
3043    61.75
3044    53.28
        ...  
3795    58.50
3796    72.44
3797    61.51
3798    57.11
3799    53.94
Name: Competitor Pricing, Length: 760, dtype: float64"
"('S001', 'P0006')","3800    40.01
3801    32.24
3802    36.01
3803    32.55
3804    34.75
        ...  
4555    39.25
4556    34.82
4557    44.23
4558    44.49
4559    43.84
Name: Competitor Pricing, Length: 760, dtype: float64"
"('S001', 'P0007')","4560    24.78
4561    31.11
4562    25.21
4563    30.25
4564    33.46
        ...  
5315    21.35
5316    24.20
5317    28.43
5318    31.27
5319    22.35
Name: Competitor Pricing, Length: 760, dtype: float64"
"('S001', 'P0008')","5320    44.85
5321    42.34
5322    38.38
5323    48.84
5324    42.99
        ...  
6075    48.26
6076    43.76
6077    47.13
6078    51.45
6079    39.45
Name: Competitor Pricing, Length: 760, dtype: float64"
"('S001', 'P0009')","6080    108.70
6081     83.66
6082     86.64
6083     70.34
6084    105.32
         ...  
6835    102.92
6836     82.51
6837     95.30
6838    111.78
6839     77.40
Name: Competitor Pricing, Length: 760, dtype: float64"
"('S001', 'P0010')","6840    129.98
6841    139.76
6842    124.61
6843    125.09
6844    113.38
         ...  
7595    138.74
7596    119.50
7597    139.71
7598    137.73
7599    122.75
Name: Competitor Pricing, Length: 760, dtype: float64"
"('S001', 'P0011')","7600    188.96
7601    187.65
7602    175.99
7603    148.93
7604    120.07
         ...  
8355    163.88
8356    172.83
8357    157.14
8358    129.24
8359    135.20
Name: Competitor Pricing, Length: 760, dtype: float64"
"('S001', 'P0012')","8360     92.02
8361    109.41
8362     97.64
8363     87.92
8364     58.69
         ...  
9115     89.43
9116    112.22
9117     64.59
9118     92.31
9119     82.46
Name: Competitor Pricing, Length: 760, dtype: float64"
"('S001', 'P0013')","9120    39.11
9121    28.94
9122    35.18
9123    25.69
9124    34.03
        ...  
9875    35.84
9876    26.50
9877    32.00
9878    35.03
9879    38.22
Name: Competitor Pricing, Length: 760, dtype: float64"
"('S001', 'P0014')","9880     92.24
9881     66.18
9882     79.61
9883     73.32
9884     72.81
         ...  
10635    84.15
10636    86.98
10637    59.44
10638    58.11
10639    82.46
Name: Competitor Pricing, Length: 760, dtype: float64"
"('S001', 'P0015')","10640    13.59
10641    16.81
10642    14.90
10643    16.10
10644    13.69
         ...  
11395    13.52
11396    17.18
11397    13.08
11398    14.98
11399    15.18
Name: Competitor Pricing, Length: 760, dtype: float64"
"('S001', 'P0016')","11400    35.14
11401    30.98
11402    40.77
11403    47.46
11404    40.52
         ...  
12155    40.86
12156    39.77
12157    41.84
12158    42.24
12159    40.01
Name: Competitor Pricing, Length: 760, dtype: float64"
"('S001', 'P0017')","12160    22.73
12161    16.08
12162    21.56
12163    21.61
12164    19.32
         ...  
12915    19.15
12916    23.13
12917    19.31
12918    24.46
12919    18.98
Name: Competitor Pricing, Length: 760, dtype: float64"
"('S001', 'P0018')","12920    54.10
12921    56.80
12922    65.71
12923    51.61
12924    52.64
         ...  
13675    59.17
13676    65.75
13677    76.31
13678    51.27
13679    44.80
Name: Competitor Pricing, Length: 760, dtype: float64"
"('S001', 'P0019')","13680    103.05
13681     99.51
13682     95.66
13683    131.36
13684    102.26
          ...  
14435    131.24
14436    107.57
14437    125.66
14438    117.62
14439    101.93
Name: Competitor Pricing, Length: 760, dtype: float64"
"('S001', 'P0020')","14440    115.24
14441    111.80
14442     86.97
14443    111.71
14444    110.93
          ...  
15195    103.49
15196    118.26
15197    109.07
15198    101.43
15199    120.88
Name: Competitor Pricing, Length: 760, dtype: float64"
"('S002', 'P0001')","15200     81.87
15201     85.00
15202     92.33
15203    123.50
15204     69.75
          ...  
15955     82.22
15956     90.45
15957    103.94
15958     70.61
15959     76.23
Name: Competitor Pricing, Length: 760, dtype: float64"
"('S002', 'P0002')","15960    30.95
15961    36.09
15962    30.87
15963    35.78
15964    29.74
         ...  
16715    27.55
16716    38.95
16717    33.75
16718    29.36
16719    31.99
Name: Competitor Pricing, Length: 760, dtype: float64"
"('S002', 'P0003')","16720     84.24
16721     61.22
16722     79.43
16723     75.44
16724     88.98
          ...  
17475    101.81
17476    104.36
17477     67.55
17478     81.83
17479     87.02
Name: Competitor Pricing, Length: 760, dtype: float64"
"('S002', 'P0004')","17480    46.57
17481    35.23
17482    37.38
17483    32.53
17484    37.15
         ...  
18235    37.17
18236    36.17
18237    36.80
18238    52.89
18239    35.73
Name: Competitor Pricing, Length: 760, dtype: float64"
"('S002', 'P0005')","18240    104.72
18241     94.92
18242     91.40
18243     73.52
18244    113.93
          ...  
18995     85.64
18996     91.45
18997     94.02
18998     79.68
18999    113.82
Name: Competitor Pricing, Length: 760, dtype: float64"
"('S002', 'P0006')","19000    57.37
19001    59.62
19002    64.59
19003    65.75
19004    68.88
         ...  
19755    67.86
19756    94.21
19757    62.73
19758    58.91
19759    76.22
Name: Competitor Pricing, Length: 760, dtype: float64"
"('S002', 'P0007')","19760    30.08
19761    28.44
19762    33.63
19763    27.10
19764    25.89
         ...  
20515    23.36
20516    31.84
20517    27.50
20518    27.18
20519    29.55
Name: Competitor Pricing, Length: 760, dtype: float64"
"('S002', 'P0008')","20520    29.79
20521    34.68
20522    36.87
20523    29.55
20524    20.93
         ...  
21275    22.89
21276    27.29
21277    30.12
21278    23.21
21279    24.65
Name: Competitor Pricing, Length: 760, dtype: float64"
"('S002', 'P0009')","21280    68.68
21281    83.48
21282    64.50
21283    60.75
21284    81.81
         ...  
22035    66.79
22036    59.62
22037    77.95
22038    59.54
22039    66.56
Name: Competitor Pricing, Length: 760, dtype: float64"
"('S002', 'P0010')","22040    106.37
22041     98.18
22042     81.12
22043     71.67
22044     70.27
          ...  
22795     99.57
22796     89.44
22797    111.24
22798     92.17
22799     79.27
Name: Competitor Pricing, Length: 760, dtype: float64"
"('S002', 'P0011')","22800     76.07
22801    109.66
22802    124.57
22803    105.72
22804    114.78
          ...  
23555    106.86
23556     85.50
23557    103.67
23558    120.71
23559     90.82
Name: Competitor Pricing, Length: 760, dtype: float64"
"('S002', 'P0012')","23560    69.84
23561    56.85
23562    59.81
23563    72.04
23564    61.95
         ...  
24315    64.36
24316    70.42
24317    74.88
24318    57.32
24319    62.79
Name: Competitor Pricing, Length: 760, dtype: float64"
"('S002', 'P0013')","24320    21.12
24321    22.07
24322    21.08
24323    14.67
24324    18.88
         ...  
25075    27.23
25076    19.12
25077    21.79
25078    20.94
25079    23.25
Name: Competitor Pricing, Length: 760, dtype: float64"
"('S002', 'P0014')","25080    108.96
25081    124.77
25082    120.17
25083    142.52
25084    111.81
          ...  
25835    127.31
25836    145.58
25837    103.19
25838    125.09
25839    120.19
Name: Competitor Pricing, Length: 760, dtype: float64"
"('S002', 'P0015')","25840    64.23
25841    71.11
25842    83.24
25843    72.43
25844    68.34
         ...  
26595    76.60
26596    89.58
26597    58.79
26598    84.30
26599    70.65
Name: Competitor Pricing, Length: 760, dtype: float64"
"('S002', 'P0016')","26600    118.76
26601    114.77
26602     74.88
26603    105.37
26604     89.91
          ...  
27355     92.81
27356     97.07
27357     81.79
27358     81.70
27359     85.74
Name: Competitor Pricing, Length: 760, dtype: float64"
"('S002', 'P0017')","27360    18.27
27361    20.42
27362    23.47
27363    20.16
27364    17.08
         ...  
28115    22.59
28116    20.49
28117    19.42
28118    20.79
28119    18.18
Name: Competitor Pricing, Length: 760, dtype: float64"
"('S002', 'P0018')","28120    26.08
28121    31.40
28122    24.82
28123    38.26
28124    25.93
         ...  
28875    28.67
28876    39.93
28877    27.87
28878    24.96
28879    36.56
Name: Competitor Pricing, Length: 760, dtype: float64"
"('S002', 'P0019')","28880     74.12
28881     85.41
28882    109.82
28883    111.25
28884     76.10
          ...  
29635     83.45
29636     85.97
29637     78.27
29638     79.80
29639     86.94
Name: Competitor Pricing, Length: 760, dtype: float64"
"('S002', 'P0020')","29640    110.88
29641    124.57
29642     73.24
29643    136.86
29644    137.11
          ...  
30395    139.65
30396    142.42
30397    145.83
30398    104.95
30399    126.60
Name: Competitor Pricing, Length: 760, dtype: float64"
"('S003', 'P0001')","30400    15.48
30401    16.81
30402    20.46
30403    16.99
30404    18.46
         ...  
31155    16.42
31156    17.45
31157    17.80
31158    16.92
31159    15.45
Name: Competitor Pricing, Length: 760, dtype: float64"
"('S003', 'P0002')","31160    45.94
31161    55.32
31162    57.57
31163    64.74
31164    62.46
         ...  
31915    34.22
31916    53.87
31917    50.65
31918    54.13
31919    48.83
Name: Competitor Pricing, Length: 760, dtype: float64"
"('S003', 'P0003')","31920     72.09
31921    107.36
31922    118.42
31923     95.07
31924    114.60
          ...  
32675    107.71
32676     94.64
32677    101.84
32678     86.90
32679     86.36
Name: Competitor Pricing, Length: 760, dtype: float64"
"('S003', 'P0004')","32680    30.05
32681    22.28
32682    24.94
32683    19.62
32684    22.13
         ...  
33435    28.81
33436    21.48
33437    24.64
33438    20.79
33439    24.26
Name: Competitor Pricing, Length: 760, dtype: float64"
"('S003', 'P0005')","33440    17.30
33441    17.73
33442    21.30
33443    22.92
33444    17.89
         ...  
34195    19.16
34196    21.02
34197    18.27
34198    21.64
34199    21.94
Name: Competitor Pricing, Length: 760, dtype: float64"
"('S003', 'P0006')","34200    50.46
34201    39.79
34202    25.60
34203    45.75
34204    38.95
         ...  
34955    45.05
34956    50.81
34957    38.03
34958    45.13
34959    42.97
Name: Competitor Pricing, Length: 760, dtype: float64"
"('S003', 'P0007')","34960    21.62
34961    19.56
34962    19.09
34963    18.73
34964    14.98
         ...  
35715    14.44
35716    15.24
35717    16.05
35718    18.97
35719    19.86
Name: Competitor Pricing, Length: 760, dtype: float64"
"('S003', 'P0008')","35720    126.44
35721    148.43
35722    119.72
35723    119.27
35724    113.39
          ...  
36475    138.48
36476    136.99
36477    126.27
36478    132.39
36479    131.91
Name: Competitor Pricing, Length: 760, dtype: float64"
"('S003', 'P0009')","36480    66.33
36481    51.15
36482    48.40
36483    50.59
36484    75.07
         ...  
37235    56.79
37236    64.71
37237    53.58
37238    52.27
37239    68.31
Name: Competitor Pricing, Length: 760, dtype: float64"
"('S003', 'P0010')","37240    39.87
37241    32.00
37242    48.68
37243    45.73
37244    38.86
         ...  
37995    33.28
37996    41.77
37997    41.12
37998    40.58
37999    42.03
Name: Competitor Pricing, Length: 760, dtype: float64"
"('S003', 'P0011')","38000    139.75
38001    126.49
38002    125.46
38003    165.96
38004    146.68
          ...  
38755    134.49
38756    114.19
38757    135.31
38758    128.54
38759    131.48
Name: Competitor Pricing, Length: 760, dtype: float64"
"('S003', 'P0012')","38760    103.35
38761    106.90
38762     98.69
38763     76.28
38764    118.36
          ...  
39515    121.89
39516    118.52
39517    109.89
39518     81.47
39519     84.15
Name: Competitor Pricing, Length: 760, dtype: float64"
"('S003', 'P0013')","39520    78.80
39521    72.85
39522    89.45
39523    71.48
39524    73.84
         ...  
40275    57.91
40276    92.55
40277    63.35
40278    78.42
40279    88.50
Name: Competitor Pricing, Length: 760, dtype: float64"
"('S003', 'P0014')","40280     53.36
40281     83.63
40282     95.52
40283    110.10
40284    108.79
          ...  
41035     94.61
41036     83.74
41037     93.55
41038    106.14
41039    102.56
Name: Competitor Pricing, Length: 760, dtype: float64"
"('S003', 'P0015')","41040    104.52
41041    120.10
41042     91.17
41043    118.88
41044     99.85
          ...  
41795     77.77
41796    106.26
41797     95.79
41798     80.76
41799     91.98
Name: Competitor Pricing, Length: 760, dtype: float64"
"('S003', 'P0016')","41800    107.33
41801    110.11
41802     76.74
41803    104.60
41804     85.84
          ...  
42555    123.87
42556    111.01
42557     79.89
42558    120.51
42559    120.07
Name: Competitor Pricing, Length: 760, dtype: float64"
"('S003', 'P0017')","42560    133.90
42561     92.46
42562    127.68
42563    149.04
42564    112.17
          ...  
43315    122.58
43316     95.86
43317    136.69
43318    125.88
43319    134.88
Name: Competitor Pricing, Length: 760, dtype: float64"
"('S003', 'P0018')","43320    125.53
43321    148.90
43322    151.98
43323    138.76
43324    121.36
          ...  
44075    138.89
44076     93.06
44077    119.30
44078    127.16
44079    163.18
Name: Competitor Pricing, Length: 760, dtype: float64"
"('S003', 'P0019')","44080    70.74
44081    55.93
44082    58.48
44083    63.92
44084    74.67
         ...  
44835    49.91
44836    43.87
44837    76.90
44838    58.61
44839    58.42
Name: Competitor Pricing, Length: 760, dtype: float64"
"('S003', 'P0020')","44840    57.66
44841    62.90
44842    84.13
44843    73.82
44844    78.70
         ...  
45595    73.09
45596    71.91
45597    72.02
45598    83.84
45599    69.21
Name: Competitor Pricing, Length: 760, dtype: float64"
"('S004', 'P0001')","45600    11.51
45601    11.95
45602    15.38
45603    11.27
45604    10.18
         ...  
46355    10.61
46356    10.80
46357    12.82
46358    14.64
46359    13.08
Name: Competitor Pricing, Length: 760, dtype: float64"
"('S004', 'P0002')","46360    20.62
46361    21.48
46362    17.47
46363    26.42
46364    23.40
         ...  
47115    15.85
47116    20.89
47117    22.68
47118    24.43
47119    19.55
Name: Competitor Pricing, Length: 760, dtype: float64"
"('S004', 'P0003')","47120    117.74
47121    134.09
47122    149.23
47123    157.42
47124    117.90
          ...  
47875    168.77
47876    118.76
47877    124.66
47878    152.58
47879    112.46
Name: Competitor Pricing, Length: 760, dtype: float64"
"('S004', 'P0004')","47880    57.32
47881    44.68
47882    52.98
47883    55.06
47884    40.55
         ...  
48635    67.76
48636    64.95
48637    56.64
48638    48.74
48639    56.87
Name: Competitor Pricing, Length: 760, dtype: float64"
"('S004', 'P0005')","48640    77.73
48641    88.73
48642    63.80
48643    75.44
48644    88.30
         ...  
49395    72.95
49396    97.38
49397    85.41
49398    56.85
49399    69.21
Name: Competitor Pricing, Length: 760, dtype: float64"
"('S004', 'P0006')","49400    34.77
49401    34.97
49402    33.69
49403    38.12
49404    25.42
         ...  
50155    38.87
50156    38.18
50157    45.34
50158    40.99
50159    32.69
Name: Competitor Pricing, Length: 760, dtype: float64"
"('S004', 'P0007')","50160    26.46
50161    35.75
50162    28.51
50163    22.56
50164    25.10
         ...  
50915    23.30
50916    38.38
50917    33.06
50918    24.17
50919    30.07
Name: Competitor Pricing, Length: 760, dtype: float64"
"('S004', 'P0008')","50920    118.02
50921     90.72
50922     96.97
50923    111.72
50924     88.36
          ...  
51675    110.32
51676     91.33
51677     94.41
51678    108.73
51679     91.84
Name: Competitor Pricing, Length: 760, dtype: float64"
"('S004', 'P0009')","51680    122.04
51681    135.44
51682    149.55
51683    165.24
51684    107.21
          ...  
52435    158.38
52436    131.98
52437    110.16
52438     94.20
52439    109.14
Name: Competitor Pricing, Length: 760, dtype: float64"
"('S004', 'P0010')","52440    29.15
52441    26.50
52442    26.82
52443    21.79
52444    31.07
         ...  
53195    30.27
53196    24.92
53197    24.48
53198    29.12
53199    26.07
Name: Competitor Pricing, Length: 760, dtype: float64"
"('S004', 'P0011')","53200    62.29
53201    58.88
53202    66.82
53203    60.87
53204    72.03
         ...  
53955    62.90
53956    56.25
53957    52.24
53958    53.92
53959    59.38
Name: Competitor Pricing, Length: 760, dtype: float64"
"('S004', 'P0012')","53960    133.46
53961    102.02
53962    112.97
53963     96.97
53964    131.13
          ...  
54715     98.48
54716     96.62
54717    120.51
54718    151.96
54719    109.21
Name: Competitor Pricing, Length: 760, dtype: float64"
"('S004', 'P0013')","54720    18.90
54721    23.75
54722    19.79
54723    23.80
54724    23.49
         ...  
55475    23.50
55476    21.18
55477    28.47
55478    22.01
55479    19.09
Name: Competitor Pricing, Length: 760, dtype: float64"
"('S004', 'P0014')","55480    178.25
55481    193.40
55482    148.19
55483    106.70
55484    119.28
          ...  
56235    172.98
56236    156.38
56237    178.64
56238    150.89
56239    124.41
Name: Competitor Pricing, Length: 760, dtype: float64"
"('S004', 'P0015')","56240     81.87
56241     82.61
56242     97.01
56243    121.47
56244     88.43
          ...  
56995     79.07
56996     98.21
56997     91.81
56998     98.06
56999     74.20
Name: Competitor Pricing, Length: 760, dtype: float64"
"('S004', 'P0016')","57000    101.16
57001    148.34
57002    139.43
57003    127.49
57004     91.29
          ...  
57755    107.18
57756    116.51
57757    121.38
57758    129.11
57759    105.02
Name: Competitor Pricing, Length: 760, dtype: float64"
"('S004', 'P0017')","57760     94.70
57761    111.57
57762    120.75
57763     78.11
57764    130.43
          ...  
58515    132.19
58516     67.75
58517     87.11
58518     91.98
58519    126.31
Name: Competitor Pricing, Length: 760, dtype: float64"
"('S004', 'P0018')","58520    150.73
58521    163.21
58522    183.17
58523    150.33
58524    176.11
          ...  
59275    130.93
59276    126.46
59277    158.96
59278    150.21
59279    148.12
Name: Competitor Pricing, Length: 760, dtype: float64"
"('S004', 'P0019')","59280    64.61
59281    79.53
59282    67.46
59283    51.94
59284    47.26
         ...  
60035    71.44
60036    51.58
60037    56.07
60038    59.04
60039    59.15
Name: Competitor Pricing, Length: 760, dtype: float64"
"('S004', 'P0020')","60040    110.39
60041    133.94
60042     95.71
60043    181.30
60044    117.68
          ...  
60795    150.14
60796    128.35
60797     96.65
60798    130.22
60799    120.59
Name: Competitor Pricing, Length: 760, dtype: float64"
"('S005', 'P0001')","60800     9.92
60801    10.06
60802    11.79
60803    11.04
60804    14.13
         ...  
61555    14.81
61556    11.32
61557    10.76
61558    11.18
61559    11.81
Name: Competitor Pricing, Length: 760, dtype: float64"
"('S005', 'P0002')","61560    51.85
61561    38.43
61562    41.22
61563    47.27
61564    42.73
         ...  
62315    29.04
62316    33.48
62317    43.00
62318    42.00
62319    45.77
Name: Competitor Pricing, Length: 760, dtype: float64"
"('S005', 'P0003')","62320    26.30
62321    28.91
62322    33.00
62323    24.37
62324    28.91
         ...  
63075    30.17
63076    32.49
63077    29.56
63078    28.49
63079    39.09
Name: Competitor Pricing, Length: 760, dtype: float64"
"('S005', 'P0004')","63080    8.33
63081    7.23
63082    6.14
63083    6.13
63084    8.17
         ... 
63835    9.89
63836    7.73
63837    8.78
63838    7.62
63839    8.19
Name: Competitor Pricing, Length: 760, dtype: float64"
"('S005', 'P0005')","63840    18.12
63841    13.22
63842    14.86
63843    18.76
63844    11.06
         ...  
64595    21.35
64596    11.93
64597    15.09
64598    18.37
64599    16.63
Name: Competitor Pricing, Length: 760, dtype: float64"
"('S005', 'P0006')","64600    52.34
64601    60.46
64602    66.25
64603    52.10
64604    60.89
         ...  
65355    60.83
65356    65.13
65357    55.15
65358    49.18
65359    84.61
Name: Competitor Pricing, Length: 760, dtype: float64"
"('S005', 'P0007')","65360    79.80
65361    64.26
65362    76.61
65363    75.20
65364    88.65
         ...  
66115    93.90
66116    77.25
66117    85.63
66118    83.89
66119    74.57
Name: Competitor Pricing, Length: 760, dtype: float64"
"('S005', 'P0008')","66120    84.61
66121    55.01
66122    50.65
66123    79.04
66124    59.38
         ...  
66875    66.96
66876    47.32
66877    75.38
66878    71.44
66879    54.81
Name: Competitor Pricing, Length: 760, dtype: float64"
"('S005', 'P0009')","66880    112.34
66881     88.63
66882    104.66
66883    100.61
66884     80.30
          ...  
67635     99.49
67636     72.48
67637    109.33
67638     80.47
67639     99.29
Name: Competitor Pricing, Length: 760, dtype: float64"
"('S005', 'P0010')","67640    63.54
67641    64.10
67642    74.94
67643    57.47
67644    61.18
         ...  
68395    42.68
68396    44.88
68397    53.92
68398    54.72
68399    58.84
Name: Competitor Pricing, Length: 760, dtype: float64"
"('S005', 'P0011')","68400    55.78
68401    64.73
68402    72.22
68403    73.30
68404    86.57
         ...  
69155    80.02
69156    80.24
69157    82.54
69158    67.30
69159    79.26
Name: Competitor Pricing, Length: 760, dtype: float64"
"('S005', 'P0012')","69160    118.20
69161    157.89
69162    138.45
69163    111.69
69164    111.52
          ...  
69915    134.76
69916    142.55
69917    136.27
69918    122.33
69919    119.01
Name: Competitor Pricing, Length: 760, dtype: float64"
"('S005', 'P0013')","69920    78.02
69921    89.57
69922    83.33
69923    84.55
69924    64.97
         ...  
70675    81.46
70676    76.78
70677    78.45
70678    71.43
70679    72.58
Name: Competitor Pricing, Length: 760, dtype: float64"
"('S005', 'P0014')","70680    156.66
70681    152.98
70682    202.29
70683    142.02
70684    154.85
          ...  
71435    171.26
71436    141.37
71437    198.69
71438    170.72
71439    214.68
Name: Competitor Pricing, Length: 760, dtype: float64"
"('S005', 'P0015')","71440    52.84
71441    49.28
71442    54.94
71443    57.91
71444    53.16
         ...  
72195    43.61
72196    55.79
72197    57.86
72198    47.91
72199    53.71
Name: Competitor Pricing, Length: 760, dtype: float64"
"('S005', 'P0016')","72200    39.50
72201    34.06
72202    36.53
72203    32.47
72204    40.17
         ...  
72955    32.85
72956    29.35
72957    30.37
72958    39.11
72959    32.23
Name: Competitor Pricing, Length: 760, dtype: float64"
"('S005', 'P0017')","72960    37.53
72961    35.51
72962    45.01
72963    32.52
72964    32.24
         ...  
73715    34.57
73716    39.08
73717    36.14
73718    40.42
73719    40.73
Name: Competitor Pricing, Length: 760, dtype: float64"
"('S005', 'P0018')","73720    22.24
73721    27.16
73722    16.10
73723    20.94
73724    14.95
         ...  
74475    21.88
74476    19.59
74477    17.91
74478    25.30
74479    19.41
Name: Competitor Pricing, Length: 760, dtype: float64"
"('S005', 'P0019')","74480    102.40
74481    139.55
74482    137.11
74483    113.21
74484    123.38
          ...  
75235    134.97
75236    143.31
75237    159.20
75238    132.83
75239    143.71
Name: Competitor Pricing, Length: 760, dtype: float64"
"('S005', 'P0020')","75240    34.32
75241    23.56
75242    27.74
75243    31.07
75244    28.69
         ...  
75995    37.50
75996    26.95
75997    28.08
75998    31.33
75999    29.32
Name: Competitor Pricing, Length: 760, dtype: float64"
